Date,avg_temp_max,avg_temp_min,avg_humidity_max,avg_humidity_min,crop_diseases
01-01-17,21.1,10.2,100,57,Early Blight
02-01-17,21.6,9.9,100,55,Early Blight
03-01-17,21.6,12.2,97,54,Late Blight
04-01-17,21.7,11.9,91,52,Late Blight
05-01-17,21.1,12.3,96,62,Late Blight
06-01-17,19,10.4,98,70,Late Blight
07-01-17,16.3,7.3,98,61,Early Blight
08-01-17,16.7,6.7,99,52,Early Blight
09-01-17,16.6,4.3,95,35,Early Blight
10-01-17,16.1,3.1,78,31,Healthy
11-01-17,16.8,2.4,88,30,Healthy
12-01-17,17.1,3.7,93,34,Early Blight
13-01-17,17.4,3.8,88,38,Healthy
14-01-17,15.7,6.4,86,51,Healthy
15-01-17,18.6,8.1,93,38,Early Blight
16-01-17,15,5.6,98,48,Early Blight
17-01-17,16,6.1,94,48,Early Blight
18-01-17,16.5,5,96,51,Early Blight
19-01-17,16.9,5.8,95,46,Early Blight
20-01-17,18.7,4.8,93,42,Early Blight
21-01-17,18.3,7.2,90,40,Healthy
22-01-17,19.6,6.5,97,46,Early Blight
23-01-17,19.7,6.7,94,40,Early Blight
24-01-17,18.2,8.3,95,53,Early Blight
25-01-17,16.4,11.5,98,75,Late Blight
26-01-17,15.9,9.6,100,88,Early Blight
27-01-17,16.6,7.4,100,68,Early Blight
28-01-17,18.8,7.1,100,59,Early Blight
29-01-17,20.3,9.2,95,53,Late Blight
30-01-17,18.3,8.3,99,60,Early Blight
31-01-17,19.9,8.9,99,58,Early Blight
01-02-17,20.2,7.8,98,51,Early Blight
02-02-17,20.1,8.4,100,52,Early Blight
03-02-17,20.3,7.7,100,53,Early Blight
04-02-17,22.1,10.7,95,62,Late Blight
05-02-17,20.6,9.8,100,57,Early Blight
06-02-17,18,7.9,92,54,Early Blight
07-02-17,19.2,7.6,94,50,Early Blight
08-02-17,19.7,9.3,93,49,Late Blight
09-02-17,20,7.2,89,45,Healthy
10-02-17,20.7,6.7,89,36,Healthy
11-02-17,21.2,6.2,92,34,Early Blight
12-02-17,21.4,7.7,91,42,Early Blight
13-02-17,23.1,7.2,92,41,Early Blight
14-02-17,23.1,7.9,87,39,Healthy
15-02-17,25.4,9.9,92,40,Late Blight
16-02-17,25.6,11.9,84,40,Late Blight
17-02-17,25.9,12.5,93,42,Late Blight
18-02-17,27.5,13.5,89,39,Healthy
19-02-17,26.6,14.1,96,42,Early Blight
20-02-17,23.6,12.4,100,55,Early Blight
21-02-17,23.6,10.8,98,30,Late Blight
22-02-17,23.6,9.4,99,27,Late Blight
23-02-17,24.4,9.9,70,24,Late Blight
24-02-17,25.3,9,68,16,Healthy
25-02-17,25.7,8.7,77,27,Healthy
26-02-17,26.9,10.1,77,20,Late Blight
27-02-17,27,9.3,88,21,Late Blight
28-02-17,23.8,13,87,34,Late Blight
01-03-17,25.3,11.2,85,31,Late Blight
02-03-17,24.9,10.5,91,25,Late Blight
03-03-17,24.7,10.7,74,25,Late Blight
04-03-17,25.8,10.7,72,21,Late Blight
05-03-17,26.5,10.8,69,15,Healthy
06-03-17,27,10.8,64,21,Healthy
07-03-17,21.7,11.3,86,47,Late Blight
08-03-17,23.4,11.5,96,39,Late Blight
09-03-17,20.8,10.7,97,57,Late Blight
10-03-17,18,8.6,100,59,Early Blight
11-03-17,19,7.4,100,49,Early Blight
12-03-17,21.2,7.7,97,28,Early Blight
13-03-17,22.4,8.5,79,29,Healthy
14-03-17,23.3,10.2,87,33,Late Blight
15-03-17,24.2,10.6,83,32,Late Blight
16-03-17,23,10.8,93,44,Late Blight
17-03-17,25.9,10.9,90,33,Late Blight
18-03-17,27.6,13.2,79,27,Healthy
19-03-17,28.7,12.6,81,21,Healthy
20-03-17,30.5,13.1,77,20,Healthy
21-03-17,31.8,15.8,78,26,Healthy
22-03-17,31.6,17.5,74,29,Healthy
23-03-17,32,16.2,79,27,Healthy
24-03-17,31.9,16.4,72,22,Healthy
25-03-17,32.4,16.9,63,21,Healthy
26-03-17,33.9,17.3,61,21,Healthy
27-03-17,36.2,19.9,69,24,Healthy
28-03-17,35.3,20,72,25,Healthy
29-03-17,35.7,20.8,57,19,Healthy
30-03-17,35.8,21.2,57,22,Healthy
31-03-17,35.8,20.4,65,26,Healthy
01-04-17,35.5,19.6,58,21,Healthy
02-04-17,35,19.3,67,18,Healthy
03-04-17,35.5,20.7,61,15,Healthy
04-04-17,35.4,21.2,54,22,Healthy
05-04-17,34.8,19.9,79,25,Healthy
06-04-17,29.4,16.3,87,28,Healthy
07-04-17,29.7,16,92,16,Early Blight
08-04-17,29.2,14.6,78,21,Healthy
09-04-17,30.1,15.1,51,15,Healthy
10-04-17,32.4,14.4,58,15,Healthy
11-04-17,35.8,17.6,54,15,Healthy
12-04-17,38,19.2,48,13,Healthy
13-04-17,39.1,19.8,55,11,Healthy
14-04-17,39,20.5,60,14,Healthy
15-04-17,40.8,21,53,12,Healthy
16-04-17,41.7,22.2,52,9,Healthy
17-04-17,41.8,23.1,50,11,Healthy
18-04-17,43,24,47,11,Healthy
19-04-17,43.1,26.1,33,8,Healthy
20-04-17,43,26.1,33,10,Healthy
21-04-17,42.3,26.6,41,12,Healthy
22-04-17,39.6,24.2,61,20,Healthy
23-04-17,33.9,21.2,62,32,Healthy
24-04-17,33.8,18.2,82,21,Healthy
25-04-17,35,20,50,15,Healthy
26-04-17,35.2,19.4,58,15,Healthy
27-04-17,37.3,22.2,44,14,Healthy
28-04-17,37.4,21.2,49,15,Healthy
29-04-17,38.2,22.6,43,11,Healthy
30-04-17,36.1,18.8,61,11,Healthy
01-05-17,36.5,19.5,62,12,Healthy
02-05-17,38.4,22.1,33,12,Healthy
03-05-17,35.5,21.8,51,17,Healthy
04-05-17,36.5,22.1,54,17,Healthy
05-05-17,38.3,22.6,47,15,Healthy
06-05-17,39.5,24,46,16,Healthy
07-05-17,40.6,25.2,40,14,Healthy
08-05-17,41.5,24.3,46,13,Healthy
09-05-17,42.1,25,53,11,Healthy
10-05-17,39.5,25.7,60,22,Healthy
11-05-17,37.7,24.7,65,21,Healthy
12-05-17,38.5,24.4,60,21,Healthy
13-05-17,39.2,25,54,16,Healthy
14-05-17,40.4,24.5,50,15,Healthy
15-05-17,40.3,25.4,53,15,Healthy
16-05-17,37.5,23.5,69,24,Healthy
17-05-17,35.4,23.3,72,31,Healthy
18-05-17,36.4,23.9,69,28,Healthy
19-05-17,38.9,24.5,60,15,Healthy
20-05-17,39.5,25.5,54,17,Healthy
21-05-17,37.3,24,64,23,Healthy
22-05-17,35.2,22.6,72,29,Healthy
23-05-17,37.1,23.5,74,24,Healthy
24-05-17,39.4,24.5,63,17,Healthy
25-05-17,41.3,26,55,17,Healthy
26-05-17,43.8,25.6,40,13,Healthy
27-05-17,43.7,28.6,43,10,Healthy
28-05-17,42,28,57,19,Healthy
29-05-17,39.3,27.2,62,24,Healthy
30-05-17,38.6,26.8,63,25,Healthy
31-05-17,38.7,25.7,70,19,Healthy
01-06-17,37.9,24.7,74,23,Healthy
02-06-17,40.1,24.8,56,22,Healthy
03-06-17,43.7,26.8,48,17,Healthy
04-06-17,45.1,30.6,43,14,Healthy
05-06-17,44.2,32.6,39,20,Healthy
06-06-17,41.6,25.5,81,21,Healthy
07-06-17,33.7,23.9,92,51,Early Blight
08-06-17,37.2,25.9,83,27,Healthy
09-06-17,35.6,25.8,77,40,Healthy
10-06-17,37.4,26.1,68,33,Healthy
11-06-17,36.1,23,73,33,Healthy
12-06-17,37.8,24.7,76,29,Healthy
13-06-17,39.7,27.2,59,27,Healthy
14-06-17,40.8,27.2,65,17,Healthy
15-06-17,39,26.8,64,22,Healthy
16-06-17,39.7,27.7,58,26,Healthy
17-06-17,38.4,28.9,69,35,Healthy
18-06-17,37,27.6,78,42,Healthy
19-06-17,38,26,88,39,Healthy
20-06-17,35.2,24.8,94,50,Healthy
21-06-17,30.4,23.2,83,62,Healthy
22-06-17,32.4,23.1,93,48,Early Blight
23-06-17,35.1,24.8,95,43,Healthy
24-06-17,36.5,26.8,80,42,Healthy
25-06-17,37.8,27.6,76,40,Healthy
26-06-17,39.2,29.8,74,39,Healthy
27-06-17,37.8,26.4,93,45,Healthy
28-06-17,32.7,25.6,97,68,Early Blight
29-06-17,28.2,25.2,96,78,Early Blight
30-06-17,31.4,25.1,95,64,Early Blight
01-07-17,34.1,26,96,55,Early Blight
02-07-17,35.4,27,94,54,Healthy
03-07-17,36,27.6,89,53,Healthy
04-07-17,37.2,27.2,89,50,Healthy
05-07-17,36.5,27.1,88,48,Healthy
06-07-17,37,26.3,91,48,Healthy
07-07-17,34.7,26.4,93,55,Early Blight
08-07-17,36.3,27,91,48,Healthy
09-07-17,37.7,28.8,82,39,Healthy
10-07-17,38.4,29.2,75,39,Healthy
11-07-17,36.9,27.6,84,47,Healthy
12-07-17,34.6,26.1,95,56,Early Blight
13-07-17,31.2,25.5,95,68,Early Blight
14-07-17,34.3,26.6,90,56,Healthy
15-07-17,34.6,27.4,90,56,Healthy
16-07-17,34.5,28,88,59,Healthy
17-07-17,35.4,27,92,57,Healthy
18-07-17,32.8,26.7,94,66,Early Blight
19-07-17,34.5,27.2,94,59,Early Blight
20-07-17,34.1,27.1,89,64,Healthy
21-07-17,33.3,26.5,91,61,Early Blight
22-07-17,33,27.6,88,64,Healthy
23-07-17,33.7,27.4,87,59,Healthy
24-07-17,32.1,27.3,88,68,Healthy
25-07-17,33.6,27.2,89,62,Healthy
26-07-17,33.9,27.4,87,59,Healthy
27-07-17,34.5,27.1,93,57,Early Blight
28-07-17,34,27,92,58,Early Blight
29-07-17,33.7,27.5,88,63,Healthy
30-07-17,34.3,27.4,90,61,Healthy
31-07-17,32.3,25.6,98,70,Early Blight
01-08-17,32.6,26.3,97,66,Early Blight
02-08-17,32.2,26.3,95,72,Early Blight
03-08-17,33.8,26.1,97,60,Early Blight
04-08-17,35.3,27.9,84,55,Healthy
05-08-17,36,28.6,87,54,Healthy
06-08-17,35.2,28.8,87,60,Healthy
07-08-17,34.3,28.2,89,63,Healthy
08-08-17,34.1,27.5,95,64,Early Blight
09-08-17,34.3,27.7,92,64,Early Blight
10-08-17,36.4,27.5,96,48,Healthy
11-08-17,37.3,26.6,92,47,Healthy
12-08-17,36.8,27.3,91,48,Healthy
13-08-17,35.9,26.8,92,51,Healthy
14-08-17,33.4,25.8,95,59,Early Blight
15-08-17,33.5,26.1,94,58,Early Blight
16-08-17,36.5,26.8,85,43,Healthy
17-08-17,37.6,26.7,85,38,Healthy
18-08-17,37.7,28.1,82,40,Healthy
19-08-17,36.1,27.1,87,49,Healthy
20-08-17,32.2,26.6,88,63,Healthy
21-08-17,33.3,26.5,91,61,Early Blight
22-08-17,34.3,26.7,93,57,Early Blight
23-08-17,34.6,27,91,55,Early Blight
24-08-17,35.2,26.4,89,57,Healthy
25-08-17,33.2,24.9,96,64,Early Blight
26-08-17,32.9,26,90,58,Healthy
27-08-17,35.2,26.2,88,48,Healthy
28-08-17,34.8,26,88,49,Healthy
29-08-17,28.8,25.8,88,68,Healthy
30-08-17,32.7,25,94,64,Early Blight
31-08-17,32.5,25.6,94,62,Early Blight
01-09-17,30.3,24.8,97,71,Early Blight
02-09-17,31.3,23.9,95,64,Early Blight
03-09-17,31.8,24,95,61,Early Blight
04-09-17,32.7,25.1,94,60,Early Blight
05-09-17,32,24.7,96,63,Early Blight
06-09-17,32.3,25.3,97,61,Early Blight
07-09-17,31.6,24.6,99,58,Early Blight
08-09-17,33.9,24.9,89,52,Healthy
09-09-17,34.6,25.8,89,48,Healthy
10-09-17,35.4,25.8,94,47,Healthy
11-09-17,34.6,25,93,45,Early Blight
12-09-17,33.8,25.5,88,50,Healthy
13-09-17,35,24.9,88,47,Healthy
14-09-17,33.8,24.5,90,44,Healthy
15-09-17,35.2,23.2,90,36,Healthy
16-09-17,35.9,23.1,79,34,Healthy
17-09-17,36.5,23.4,69,26,Healthy
18-09-17,37.6,23.3,68,24,Healthy
19-09-17,36.6,24,64,27,Healthy
20-09-17,35.9,22.9,66,21,Healthy
21-09-17,35.6,23,84,29,Healthy
22-09-17,34.3,23.4,91,39,Early Blight
23-09-17,34.6,23.7,97,40,Early Blight
24-09-17,34.5,23.3,92,42,Early Blight
25-09-17,34.9,24.1,89,40,Healthy
26-09-17,35.5,23.7,83,33,Healthy
27-09-17,35.7,23.2,75,30,Healthy
28-09-17,35.8,23.6,71,31,Healthy
29-09-17,36.1,23.1,74,31,Healthy
30-09-17,36.6,21.7,72,25,Healthy
01-10-17,36.6,21.3,72,24,Healthy
02-10-17,35.8,22,75,30,Healthy
03-10-17,35.9,21.9,78,29,Healthy
04-10-17,36.3,22.1,78,28,Healthy
05-10-17,35.5,22.1,83,28,Healthy
06-10-17,35,21.5,77,26,Healthy
07-10-17,35.5,22.6,64,28,Healthy
08-10-17,35.1,22.4,74,30,Healthy
09-10-17,35.1,21.7,86,28,Healthy
10-10-17,34.7,21.7,94,30,Early Blight
11-10-17,34.2,21.1,83,29,Healthy
12-10-17,34,21.4,80,27,Healthy
13-10-17,34.1,19.9,74,28,Healthy
14-10-17,34.1,20.2,77,29,Healthy
15-10-17,34.4,20.2,85,29,Healthy
16-10-17,34.1,20,71,28,Healthy
17-10-17,33.7,18.9,76,29,Healthy
18-10-17,33.5,18.7,88,28,Healthy
19-10-17,33.3,19.4,90,30,Healthy
20-10-17,32.6,19,93,33,Early Blight
21-10-17,32.9,18.4,85,29,Healthy
22-10-17,31.9,17.3,87,28,Healthy
23-10-17,31.9,17.5,80,29,Healthy
24-10-17,31.8,16.6,90,27,Healthy
25-10-17,31.5,16.6,90,31,Healthy
26-10-17,31.6,16.6,90,27,Healthy
27-10-17,30.4,15.5,93,27,Early Blight
28-10-17,30,15.5,94,32,Early Blight
29-10-17,30,16.6,86,33,Healthy
30-10-17,29.4,16.2,94,38,Early Blight
31-10-17,29.1,16.2,92,38,Early Blight
01-11-17,29.3,17.3,93,43,Early Blight
02-11-17,28.5,16.6,96,43,Early Blight
03-11-17,28,16.4,100,50,Early Blight
04-11-17,28,16,97,49,Early Blight
05-11-17,27.8,16.5,96,51,Early Blight
06-11-17,27.8,16.3,98,50,Early Blight
07-11-17,27.2,15.8,97,52,Early Blight
08-11-17,27,15.5,98,51,Early Blight
09-11-17,26.6,13.5,100,48,Early Blight
10-11-17,25.9,13.4,100,53,Early Blight
11-11-17,25.5,14.3,100,56,Early Blight
12-11-17,25,13.8,100,53,Early Blight
13-11-17,24.6,13.3,100,53,Early Blight
14-11-17,22.9,14,95,52,Late Blight
15-11-17,23.4,11.9,98,54,Late Blight
16-11-17,22,12.1,96,57,Late Blight
17-11-17,22,11.1,100,56,Early Blight
18-11-17,22.3,11.2,88,40,Late Blight
19-11-17,22.4,9.7,92,36,Late Blight
20-11-17,22.3,9.7,90,35,Late Blight
21-11-17,22.9,9.8,92,32,Late Blight
22-11-17,22.8,8.7,93,32,Early Blight
23-11-17,23.1,9.5,88,34,Late Blight
24-11-17,23.5,8.3,91,34,Early Blight
25-11-17,23.7,9.1,94,35,Late Blight
26-11-17,23.2,8.8,94,38,Early Blight
27-11-17,24.5,9.4,93,35,Late Blight
28-11-17,23.5,9.8,92,37,Late Blight
29-11-17,23.6,9.6,94,41,Late Blight
30-11-17,23.8,9,94,36,Late Blight
01-12-17,23.6,8.1,94,32,Early Blight
02-12-17,23.3,8.1,92,33,Early Blight
03-12-17,22.7,9.2,94,38,Late Blight
04-12-17,22.1,8.7,95,43,Early Blight
05-12-17,21.4,7.5,88,30,Healthy
06-12-17,21.3,5.7,80,24,Healthy
07-12-17,21.8,5.9,72,26,Healthy
08-12-17,23.4,7,79,29,Healthy
09-12-17,23.1,8.9,90,29,Healthy
10-12-17,22.9,8.4,92,31,Early Blight
11-12-17,15.9,12.1,95,75,Late Blight
12-12-17,18.6,8.2,100,52,Early Blight
13-12-17,17.8,8,98,53,Early Blight
14-12-17,18.2,7.2,98,44,Early Blight
15-12-17,17.9,5.7,96,39,Early Blight
16-12-17,18.9,5.5,89,32,Healthy
17-12-17,20.1,5.1,80,30,Healthy
18-12-17,22.5,5.7,76,30,Healthy
19-12-17,22.9,7,83,32,Healthy
20-12-17,24.4,8.9,85,36,Healthy
21-12-17,22.9,9.2,89,43,Late Blight
22-12-17,23.7,8.4,90,31,Healthy
23-12-17,22.1,7,93,29,Early Blight
24-12-17,21.7,7.9,94,44,Early Blight
25-12-17,22.2,6.7,97,34,Early Blight
26-12-17,22.4,6.8,92,34,Early Blight
27-12-17,21.3,8.4,96,43,Early Blight
28-12-17,21.4,7.2,99,44,Early Blight
29-12-17,21.4,5.6,93,36,Early Blight
30-12-17,20.9,5.4,92,31,Early Blight
31-12-17,20.4,6.1,89,35,Healthy
01-01-18,20.2,6.4,93,37,Early Blight
02-01-18,20.1,4.8,100,36,Early Blight
03-01-18,19.1,4,100,42,Early Blight
04-01-18,19.2,4.8,100,44,Early Blight
05-01-18,18.4,4.4,100,43,Early Blight
06-01-18,18.5,5.2,92,42,Early Blight
07-01-18,19,4.5,92,38,Early Blight
08-01-18,19.5,4.4,91,37,Early Blight
09-01-18,20.4,3.6,94,35,Early Blight
10-01-18,21.6,5.1,93,31,Early Blight
11-01-18,21.7,5.4,87,29,Healthy
12-01-18,21.4,6.4,95,38,Early Blight
13-01-18,21.5,7.1,94,35,Early Blight
14-01-18,21.6,7.3,90,37,Healthy
15-01-18,22.5,5.6,91,29,Early Blight
16-01-18,22,4.4,84,28,Healthy
17-01-18,22.3,9,95,37,Late Blight
18-01-18,22,7.4,97,43,Early Blight
19-01-18,21.6,5.8,91,29,Early Blight
20-01-18,22.8,5.4,85,26,Healthy
21-01-18,21.7,5.5,90,31,Healthy
22-01-18,20.7,5.9,92,33,Early Blight
23-01-18,16.1,6.6,99,70,Early Blight
24-01-18,17.7,5.8,100,54,Early Blight
25-01-18,19.3,5.5,100,44,Early Blight
26-01-18,20,7,96,42,Early Blight
27-01-18,19.5,5.7,99,46,Early Blight
28-01-18,19.7,5.2,99,45,Early Blight
29-01-18,20.2,5.8,100,49,Early Blight
30-01-18,22.4,7.9,93,46,Early Blight
31-01-18,22.6,7.4,95,38,Early Blight
01-02-18,23.1,9,79,39,Late Blight
02-02-18,22.1,8.1,83,30,Healthy
03-02-18,22,5.7,80,27,Healthy
04-02-18,22.1,6.8,75,20,Healthy
05-02-18,21.6,5.1,74,21,Healthy
06-02-18,21.4,6.1,73,24,Healthy
07-02-18,20.9,5.8,83,29,Healthy
08-02-18,21.5,6.8,75,26,Healthy
09-02-18,22.1,5.8,86,25,Healthy
10-02-18,21.9,6.8,90,29,Healthy
11-02-18,19.7,8.2,91,43,Early Blight
12-02-18,19,9.9,98,41,Late Blight
13-02-18,20.4,8.9,95,45,Early Blight
14-02-18,20.7,8.5,91,41,Early Blight
15-02-18,22.3,9.6,86,40,Late Blight
16-02-18,23.8,9.4,89,37,Late Blight
17-02-18,24.5,9.4,87,36,Late Blight
18-02-18,25,8,91,27,Early Blight
19-02-18,25.1,9,94,37,Late Blight
20-02-18,26.9,10.7,95,38,Late Blight
21-02-18,27.4,12.7,96,35,Early Blight
22-02-18,26.6,13,82,36,Late Blight
23-02-18,26.5,12.8,87,34,Late Blight
24-02-18,21,12.9,97,56,Late Blight
25-02-18,24.3,11.8,98,50,Late Blight
26-02-18,26.4,12.3,86,32,Late Blight
27-02-18,27.3,13.6,93,45,Early Blight
28-02-18,27.9,13.5,95,32,Early Blight
01-03-18,26,15.1,87,45,Healthy
02-03-18,28.6,14.3,90,26,Healthy
03-03-18,24.3,11.3,99,47,Late Blight
04-03-18,25.2,11.3,95,36,Late Blight
05-03-18,25.4,12.5,86,38,Late Blight
06-03-18,27,13.3,86,30,Late Blight
07-03-18,28.4,13.3,84,25,Healthy
08-03-18,28.7,13.6,91,29,Early Blight
09-03-18,28.6,15,70,30,Healthy
10-03-18,29.3,14.9,71,30,Healthy
11-03-18,30.1,14.7,77,26,Healthy
12-03-18,31.3,14.7,86,31,Healthy
13-03-18,32.7,16.3,91,24,Early Blight
14-03-18,31.4,16.5,84,21,Healthy
15-03-18,28.5,14.5,91,32,Early Blight
16-03-18,28.7,14.3,92,23,Early Blight
17-03-18,29.8,13.7,70,20,Healthy
18-03-18,30.3,13.4,76,17,Healthy
19-03-18,30.9,14.7,62,23,Healthy
20-03-18,29.7,15.2,86,27,Healthy
21-03-18,23,12.3,99,58,Late Blight
22-03-18,25.1,12.9,98,42,Late Blight
23-03-18,28.7,14.9,82,32,Healthy
24-03-18,30.7,16.2,80,26,Healthy
25-03-18,32.1,17.7,80,24,Healthy
26-03-18,33.5,16.5,74,24,Healthy
27-03-18,34.2,16.9,83,20,Healthy
28-03-18,34.3,17.4,87,19,Healthy
29-03-18,35,19.3,49,13,Healthy
30-03-18,35.4,17.7,45,13,Healthy
31-03-18,35.2,17.9,76,19,Healthy
01-04-18,33.4,18.8,81,27,Healthy
02-04-18,34.2,19.4,81,30,Healthy
03-04-18,33.5,21.7,78,37,Healthy
04-04-18,34.6,20.4,87,29,Healthy
05-04-18,33.6,18.9,81,33,Healthy
06-04-18,33.8,19.2,88,27,Healthy
07-04-18,32.8,19.6,79,30,Healthy
08-04-18,33.8,21.6,66,36,Healthy
09-04-18,32.1,19.7,89,40,Healthy
10-04-18,30.8,20.6,84,47,Healthy
11-04-18,28.8,19.1,90,38,Healthy
12-04-18,31.6,16,79,20,Healthy
13-04-18,32.1,16,64,19,Healthy
14-04-18,33.4,19.4,64,22,Healthy
15-04-18,35.5,19.2,70,18,Healthy
16-04-18,33.7,20.6,59,21,Healthy
17-04-18,34.3,19.4,68,20,Healthy
18-04-18,34.5,20,66,25,Healthy
19-04-18,33.4,20.9,66,21,Healthy
20-04-18,29.9,16,79,34,Healthy
21-04-18,31.3,15.4,88,19,Healthy
22-04-18,31.8,16.5,63,19,Healthy
23-04-18,35.3,18.8,51,12,Healthy
24-04-18,37.8,19.1,60,14,Healthy
25-04-18,39.3,20.9,53,11,Healthy
26-04-18,39.4,21.6,54,13,Healthy
27-04-18,39.5,22.9,56,14,Healthy
28-04-18,40,23.8,62,14,Healthy
29-04-18,40,22.8,51,12,Healthy
30-04-18,40.9,23.5,58,11,Healthy
01-05-18,40.3,22.9,63,17,Healthy
02-05-18,38.7,22.9,72,25,Healthy
03-05-18,37,22.4,77,25,Healthy
04-05-18,34.6,23,68,34,Healthy
05-05-18,37.6,23.4,59,18,Healthy
06-05-18,37.6,23.7,60,19,Healthy
07-05-18,35,21.5,74,28,Healthy
08-05-18,31.1,21.1,75,25,Healthy
09-05-18,33.1,20.8,68,26,Healthy
10-05-18,37.4,21.8,62,20,Healthy
11-05-18,39.9,25.3,55,20,Healthy
12-05-18,39.8,25.2,59,23,Healthy
13-05-18,38.8,24,56,17,Healthy
14-05-18,37.3,23.4,64,24,Healthy
15-05-18,37.1,24.2,63,24,Healthy
16-05-18,38,23.5,65,24,Healthy
17-05-18,38.2,24.5,52,23,Healthy
18-05-18,36.7,22.3,52,20,Healthy
19-05-18,37.5,22.4,49,16,Healthy
20-05-18,38.3,22.2,48,13,Healthy
21-05-18,39.2,22.6,38,11,Healthy
22-05-18,40.3,24.5,36,12,Healthy
23-05-18,40.5,23.8,27,7,Healthy
24-05-18,40.4,23.5,33,9,Healthy
25-05-18,41.3,24.3,41,9,Healthy
26-05-18,41.7,25.9,44,9,Healthy
27-05-18,41.8,25.4,29,10,Healthy
28-05-18,42.2,25.6,35,10,Healthy
29-05-18,43.1,26.6,43,9,Healthy
30-05-18,41.4,26.8,48,16,Healthy
31-05-18,42.3,26.7,51,12,Healthy
01-06-18,42.1,26.8,66,21,Healthy
02-06-18,41,27.3,66,24,Healthy
03-06-18,40.9,28.2,63,27,Healthy
04-06-18,41.8,30.5,55,25,Healthy
05-06-18,40.9,32.3,54,26,Healthy
06-06-18,38.9,28.5,67,39,Healthy
07-06-18,38.9,29,69,35,Healthy
08-06-18,40.4,29.4,64,30,Healthy
09-06-18,38.7,28,82,41,Healthy
10-06-18,36.8,26.8,89,37,Healthy
11-06-18,38.8,27.3,73,33,Healthy
12-06-18,41.7,28.2,67,22,Healthy
13-06-18,42.6,29.2,55,20,Healthy
14-06-18,40.9,30.4,55,30,Healthy
15-06-18,39,26.6,84,33,Healthy
16-06-18,37.9,25.4,90,37,Healthy
17-06-18,34.6,24.1,91,48,Early Blight
18-06-18,33.7,25.5,84,52,Healthy
19-06-18,36.6,25.4,86,37,Healthy
20-06-18,37.3,27.2,75,34,Healthy
21-06-18,38.1,27.2,71,34,Healthy
22-06-18,39,28,69,30,Healthy
23-06-18,38.7,27.3,68,33,Healthy
24-06-18,39.6,28,65,27,Healthy
25-06-18,39.4,28.3,57,28,Healthy
26-06-18,39.1,28.7,63,26,Healthy
27-06-18,32.8,25.2,89,56,Healthy
28-06-18,28.2,23.4,95,76,Early Blight
29-06-18,31,24.2,96,69,Early Blight
30-06-18,32.8,25.1,93,66,Early Blight
01-07-18,34.2,27,92,62,Early Blight
02-07-18,36.6,28.6,86,52,Healthy
03-07-18,32.8,23.9,96,63,Early Blight
04-07-18,30.2,23.8,96,71,Early Blight
05-07-18,32.8,24.1,95,59,Early Blight
06-07-18,34.7,24.9,93,53,Early Blight
07-07-18,36.3,26.9,84,47,Healthy
08-07-18,37.5,27.7,81,45,Healthy
09-07-18,38.2,28.5,77,44,Healthy
10-07-18,37.9,29.5,82,50,Healthy
11-07-18,36.5,29.2,85,57,Healthy
12-07-18,36,28.5,89,55,Healthy
13-07-18,34.4,27.1,95,61,Early Blight
14-07-18,34.2,26.6,94,60,Early Blight
15-07-18,34.5,27.6,88,58,Healthy
16-07-18,33.6,27.8,91,62,Early Blight
17-07-18,32.9,26.7,98,67,Early Blight
18-07-18,34,26.9,97,64,Early Blight
19-07-18,34.2,27.4,97,63,Early Blight
20-07-18,33.7,27.4,96,66,Early Blight
21-07-18,34.5,26.3,97,61,Early Blight
22-07-18,31.9,26.5,96,72,Early Blight
23-07-18,32.5,26.2,97,64,Early Blight
24-07-18,32.3,26.6,98,70,Early Blight
25-07-18,34.6,25.9,98,64,Early Blight
26-07-18,32.7,26.3,97,68,Early Blight
27-07-18,31.9,25.5,97,71,Early Blight
28-07-18,31.1,26.1,95,71,Early Blight
29-07-18,33.7,26.6,95,63,Early Blight
30-07-18,34.4,26.9,93,60,Early Blight
31-07-18,35.5,28.2,90,54,Healthy
01-08-18,36.1,27.5,91,49,Healthy
02-08-18,35.8,27.1,94,47,Healthy
03-08-18,36.3,27.4,92,47,Healthy
04-08-18,36.5,27.8,85,47,Healthy
05-08-18,36.7,28,81,46,Healthy
06-08-18,34.4,26.5,88,54,Healthy
07-08-18,31.3,25,94,65,Early Blight
08-08-18,32.1,25,96,62,Early Blight
09-08-18,32.2,26.4,98,69,Early Blight
10-08-18,33.9,26.5,99,60,Early Blight
11-08-18,34.9,28,91,58,Early Blight
12-08-18,34.9,25.5,97,58,Early Blight
13-08-18,33,25.7,95,69,Early Blight
14-08-18,33.6,25.9,96,62,Early Blight
15-08-18,33.8,26.8,94,59,Early Blight
16-08-18,32.8,26.8,95,64,Early Blight
17-08-18,33.4,27.1,97,69,Early Blight
18-08-18,32.2,26.8,98,75,Early Blight
19-08-18,33.8,26.7,97,64,Early Blight
20-08-18,34.6,26.8,96,60,Early Blight
21-08-18,33.2,26.9,95,70,Early Blight
22-08-18,34,27,95,61,Early Blight
23-08-18,35.5,27.2,95,55,Healthy
24-08-18,35.5,28,83,53,Healthy
25-08-18,35.5,27.7,85,52,Healthy
26-08-18,34.6,27.3,85,53,Healthy
27-08-18,34.8,26.7,90,53,Healthy
28-08-18,35.1,26.9,91,52,Healthy
29-08-18,34.8,27,88,54,Healthy
30-08-18,36.5,27.5,84,45,Healthy
31-08-18,38,28.3,83,38,Healthy
01-09-18,36.6,27.3,88,41,Healthy
02-09-18,33.8,26.3,90,51,Healthy
03-09-18,33.5,26,90,56,Healthy
04-09-18,34.6,26.5,91,53,Early Blight
05-09-18,35.9,27,86,44,Healthy
06-09-18,36.6,27.4,84,39,Healthy
07-09-18,34.7,26.3,91,50,Early Blight
08-09-18,33.9,26.1,93,58,Early Blight
09-09-18,31.4,26,94,69,Early Blight
10-09-18,33.6,25.8,94,57,Early Blight
11-09-18,34.5,26.2,90,51,Healthy
12-09-18,36.6,25.8,90,39,Healthy
13-09-18,36.1,25.8,84,39,Healthy
14-09-18,34,24.5,92,46,Early Blight
15-09-18,33.2,23.6,86,43,Healthy
16-09-18,33.6,23.9,75,42,Healthy
17-09-18,34.8,23.7,83,34,Healthy
18-09-18,35.5,24,83,29,Healthy
19-09-18,36.1,23,75,29,Healthy
20-09-18,36.1,23.6,84,32,Healthy
21-09-18,35.4,24.8,86,36,Healthy
22-09-18,31.2,22,94,52,Early Blight
23-09-18,25.1,21.8,97,84,Early Blight
24-09-18,29.3,21.5,96,59,Early Blight
25-09-18,31.1,20.9,95,53,Early Blight
26-09-18,32.4,21.6,93,50,Early Blight
27-09-18,33.3,22.8,91,45,Early Blight
28-09-18,32.3,22.9,93,49,Early Blight
29-09-18,31.3,21.5,95,51,Early Blight
30-09-18,33.3,21.3,92,38,Early Blight
01-10-18,33.8,20.4,94,38,Early Blight
02-10-18,33.7,20.5,97,41,Early Blight
03-10-18,33.3,19.9,96,31,Early Blight
04-10-18,32.6,19.1,91,38,Early Blight
05-10-18,32.2,18.8,92,32,Early Blight
06-10-18,32.5,19.9,73,29,Healthy
07-10-18,32.5,19.2,86,32,Healthy
08-10-18,32.8,19.8,85,33,Healthy
09-10-18,32.1,19.2,77,38,Healthy
10-10-18,31.7,18.2,97,30,Early Blight
11-10-18,30.1,18,93,36,Early Blight
12-10-18,30,18.1,96,33,Early Blight
13-10-18,31.3,17.7,81,25,Healthy
14-10-18,31.4,17.1,83,27,Healthy
15-10-18,31.4,18,83,30,Healthy
16-10-18,32.6,19.3,76,27,Healthy
17-10-18,31,17.2,88,39,Healthy
18-10-18,31.3,16.7,74,25,Healthy
19-10-18,31.1,16.1,70,20,Healthy
20-10-18,31.2,15.5,64,19,Healthy
21-10-18,30.6,15.4,66,19,Healthy
22-10-18,30.9,14.9,68,21,Healthy
23-10-18,30.4,14.8,74,24,Healthy
24-10-18,29.9,15.1,83,26,Healthy
25-10-18,30.1,15.6,82,28,Healthy
26-10-18,29.9,16.6,77,31,Healthy
27-10-18,30.5,16.6,86,29,Healthy
28-10-18,30.4,16.1,92,34,Early Blight
29-10-18,30.1,17,86,37,Healthy
30-10-18,30.2,16.8,87,36,Healthy
31-10-18,29.8,17.3,93,39,Early Blight
01-11-18,30.6,18.7,93,38,Early Blight
02-11-18,27.9,17.3,75,44,Healthy
03-11-18,26.3,14,98,38,Late Blight
04-11-18,24.8,13.5,88,45,Late Blight
05-11-18,25.6,12.8,90,28,Late Blight
06-11-18,26.5,12,73,19,Late Blight
07-11-18,27.3,11.4,79,19,Healthy
08-11-18,26.9,11.9,91,28,Late Blight
09-11-18,26.9,12.5,94,34,Late Blight
10-11-18,27.1,12.6,95,37,Early Blight
11-11-18,26.4,13.6,93,39,Late Blight
12-11-18,25.5,12.6,95,40,Late Blight
13-11-18,26,14,90,36,Late Blight
14-11-18,24.5,12.4,92,51,Late Blight
15-11-18,25.2,12.7,98,38,Late Blight
16-11-18,25.2,11.8,91,36,Late Blight
17-11-18,25.7,12.2,91,36,Late Blight
18-11-18,26.3,12.8,90,37,Late Blight
19-11-18,26.9,14.6,81,42,Healthy
20-11-18,27.3,13.1,91,30,Early Blight
21-11-18,27.1,12.2,84,28,Healthy
22-11-18,26.5,11,85,30,Late Blight
23-11-18,25.9,12.1,90,27,Late Blight
24-11-18,27.1,11.5,84,22,Healthy
25-11-18,25.9,10.7,92,34,Late Blight
26-11-18,26.5,11.1,95,36,Late Blight
27-11-18,25.8,12.7,94,40,Late Blight
28-11-18,25.9,12.1,94,37,Late Blight
29-11-18,25.7,11.6,93,39,Late Blight
30-11-18,26,10.8,93,25,Late Blight
01-12-18,24.9,9.7,90,33,Late Blight
02-12-18,24.4,10,92,38,Late Blight
03-12-18,24,9.7,96,41,Late Blight
04-12-18,23.8,10.7,95,42,Late Blight
05-12-18,23,10.3,96,42,Late Blight
06-12-18,23.2,10.8,95,41,Late Blight
07-12-18,22,9.5,98,43,Late Blight
08-12-18,22.2,9.2,91,39,Late Blight
09-12-18,22.1,8.7,92,41,Early Blight
10-12-18,19.2,9.4,96,61,Late Blight
11-12-18,20.9,8.8,95,46,Early Blight
12-12-18,18.4,8.2,100,51,Early Blight
13-12-18,17.4,7.8,99,55,Early Blight
14-12-18,19.5,7.2,92,41,Early Blight
15-12-18,20,6,95,33,Early Blight
16-12-18,20.6,5,92,30,Early Blight
17-12-18,20.8,4.4,93,31,Early Blight
18-12-18,21.3,4.3,95,35,Early Blight
19-12-18,20.6,4.7,94,32,Early Blight
20-12-18,19.8,4.1,94,36,Early Blight
21-12-18,20.5,4,95,33,Early Blight
22-12-18,20.2,4.4,94,32,Early Blight
23-12-18,18.8,4.9,95,43,Early Blight
24-12-18,18.8,3.6,96,34,Early Blight
25-12-18,19.6,3.7,95,28,Early Blight
26-12-18,18.4,5.3,94,43,Early Blight
27-12-18,18.6,3.6,97,38,Early Blight
28-12-18,18.9,2.7,96,34,Early Blight
29-12-18,19.2,3,93,40,Early Blight
30-12-18,19.7,6,94,37,Early Blight
31-12-18,19.7,5,97,41,Early Blight
01-01-19,18.7,5.4,97,48,Early Blight
02-01-19,19.3,6.7,98,51,Early Blight
03-01-19,19.7,5.2,99,37,Early Blight
04-01-19,18.6,5.7,92,46,Early Blight
05-01-19,15.4,8.8,92,58,Early Blight
06-01-19,17,4.9,100,54,Early Blight
07-01-19,18,5.2,100,43,Early Blight
08-01-19,18,6.6,91,43,Early Blight
09-01-19,19.9,5.3,93,30,Early Blight
10-01-19,19.4,5.5,87,34,Healthy
11-01-19,18.7,7,92,47,Early Blight
12-01-19,18.3,6,98,49,Early Blight
13-01-19,18.8,5.6,96,40,Early Blight
14-01-19,18,3.7,88,27,Healthy
15-01-19,18.8,3.7,90,28,Healthy
16-01-19,18.7,4.7,97,38,Early Blight
17-01-19,19.5,3.8,99,37,Early Blight
18-01-19,19.1,4.1,92,40,Early Blight
19-01-19,20.3,6.7,92,35,Early Blight
20-01-19,20.5,8.1,93,44,Early Blight
21-01-19,15.5,9.8,99,75,Late Blight
22-01-19,16.4,6.9,100,58,Early Blight
23-01-19,16.9,5,99,52,Early Blight
24-01-19,16.9,4.6,100,42,Early Blight
25-01-19,15.9,4.3,94,43,Early Blight
26-01-19,16.9,4.6,87,35,Healthy
27-01-19,17.4,4.1,82,27,Healthy
28-01-19,18.5,3.3,88,23,Healthy
29-01-19,19.4,3.2,89,22,Healthy
30-01-19,16,7,91,48,Early Blight
31-01-19,14.3,7.5,93,67,Early Blight
01-02-19,16.9,7.1,96,61,Early Blight
02-02-19,19.2,5.9,96,45,Early Blight
03-02-19,21.4,6.5,94,37,Early Blight
04-02-19,21.1,6,94,39,Early Blight
05-02-19,20.9,9.6,94,42,Late Blight
06-02-19,19.9,10.2,98,53,Late Blight
07-02-19,15.8,6.5,97,68,Early Blight
08-02-19,17,6.4,96,43,Early Blight
09-02-19,19.4,5.2,94,33,Early Blight
10-02-19,19.3,6,87,32,Healthy
11-02-19,20.6,9.4,84,36,Late Blight
12-02-19,20.5,9.1,95,41,Late Blight
13-02-19,21.3,9.4,97,47,Late Blight
14-02-19,17.3,8.3,100,80,Early Blight
15-02-19,19.3,7.7,100,55,Early Blight
16-02-19,20.3,9.2,99,50,Late Blight
17-02-19,20.1,9.4,87,37,Late Blight
18-02-19,19.1,8.5,96,55,Early Blight
19-02-19,20,8.3,99,51,Early Blight
20-02-19,20.9,11.8,93,55,Late Blight
21-02-19,20.1,9,95,67,Late Blight
22-02-19,19.7,7.8,96,47,Early Blight
23-02-19,20.5,7.4,89,36,Healthy
24-02-19,20.9,7.3,90,37,Healthy
25-02-19,18,9,94,56,Late Blight
26-02-19,18.8,7.5,96,53,Early Blight
27-02-19,18.3,6.1,99,42,Early Blight
28-02-19,20.2,7.2,98,33,Early Blight
01-03-19,20.1,6.7,95,40,Early Blight
02-03-19,16.7,10.7,95,61,Late Blight
03-03-19,17.3,10.6,96,74,Late Blight
04-03-19,20.7,9.2,97,55,Late Blight
05-03-19,21.6,9.4,94,42,Late Blight
06-03-19,23,10.8,87,35,Late Blight
07-03-19,23.3,11.7,77,33,Late Blight
08-03-19,21.6,10.2,91,47,Late Blight
09-03-19,24.1,10.4,93,27,Late Blight
10-03-19,24.5,10.3,79,28,Late Blight
11-03-19,22.1,9.6,98,54,Late Blight
12-03-19,23.6,9.6,99,34,Late Blight
13-03-19,21.6,9.5,94,44,Late Blight
14-03-19,21.8,9.5,97,39,Late Blight
15-03-19,24.1,10.1,95,32,Late Blight
16-03-19,25.1,10.6,85,27,Late Blight
17-03-19,27,12.4,75,23,Late Blight
18-03-19,27.5,12,78,24,Healthy
19-03-19,29.2,14.2,77,26,Healthy
20-03-19,26.5,13.3,88,26,Late Blight
21-03-19,28.7,14.1,76,17,Healthy
22-03-19,29,14,69,17,Healthy
23-03-19,27.1,13.4,93,32,Early Blight
24-03-19,23.5,14.2,94,40,Early Blight
25-03-19,28.9,13.7,92,25,Early Blight
26-03-19,31.8,14.3,74,16,Healthy
27-03-19,33,15.3,87,28,Healthy
28-03-19,33.8,17.6,91,29,Early Blight
29-03-19,34.8,19,80,23,Healthy
30-03-19,34,18.2,81,18,Healthy
31-03-19,33.2,17.2,59,12,Healthy
01-04-19,34.5,16.8,50,9,Healthy
02-04-19,34.7,16.9,51,12,Healthy
03-04-19,36.3,18.2,66,16,Healthy
04-04-19,36.6,19.7,73,20,Healthy
05-04-19,36.8,20.1,81,24,Healthy
06-04-19,36.1,20.5,80,21,Healthy
07-04-19,37,21.6,79,13,Healthy
08-04-19,33.2,19.8,77,27,Healthy
09-04-19,35.8,20.4,78,20,Healthy
10-04-19,35.7,21.8,69,21,Healthy
11-04-19,35.8,21.2,59,21,Healthy
12-04-19,34,22.6,60,29,Healthy
13-04-19,32.9,22.1,66,33,Healthy
14-04-19,34.7,22,67,27,Healthy
15-04-19,36.5,22.1,67,21,Healthy
16-04-19,31.5,18.5,94,33,Early Blight
17-04-19,22.7,15.5,97,64,Early Blight
18-04-19,26.1,16.2,96,47,Early Blight
19-04-19,29.6,16.8,83,37,Healthy
20-04-19,32,18.3,82,30,Healthy
21-04-19,33.7,20,77,31,Healthy
22-04-19,37.3,20.5,73,24,Healthy
23-04-19,39,22.1,70,20,Healthy
24-04-19,37.7,22.4,63,25,Healthy
25-04-19,37.3,22.2,62,21,Healthy
26-04-19,38.2,21.2,68,17,Healthy
27-04-19,38.6,22.5,57,10,Healthy
28-04-19,39.5,22.5,53,11,Healthy
29-04-19,39,21.5,49,12,Healthy
30-04-19,36.8,24.2,37,17,Healthy
01-05-19,37.8,21.8,40,13,Healthy
02-05-19,37.2,21.5,52,13,Healthy
03-05-19,36.4,20.4,62,13,Healthy
04-05-19,36.8,20.4,48,10,Healthy
05-05-19,39,22.2,51,10,Healthy
06-05-19,39.1,22.5,54,10,Healthy
07-05-19,39.3,21.7,54,11,Healthy
08-05-19,40.3,23.5,39,11,Healthy
09-05-19,40.9,23.8,41,11,Healthy
10-05-19,39.1,24.4,42,13,Healthy
11-05-19,37.2,23.7,58,21,Healthy
12-05-19,36.4,23.7,55,21,Healthy
13-05-19,37.1,23.8,58,19,Healthy
14-05-19,34.9,22.4,77,26,Healthy
15-05-19,35.8,22.9,70,27,Healthy
16-05-19,33.5,21,84,31,Healthy
17-05-19,30.2,21.4,87,49,Healthy
18-05-19,34,21.2,87,31,Healthy
19-05-19,37.1,23.2,69,24,Healthy
20-05-19,38.1,25.2,53,20,Healthy
21-05-19,39,24.2,53,17,Healthy
22-05-19,38.6,25.5,53,20,Healthy
23-05-19,36.8,25.3,56,26,Healthy
24-05-19,34.4,22.8,76,35,Healthy
25-05-19,34.4,21.6,81,28,Healthy
26-05-19,37.4,22.7,62,21,Healthy
27-05-19,39.3,23.8,47,12,Healthy
28-05-19,40.4,24.2,45,14,Healthy
29-05-19,41.3,25.2,43,14,Healthy
30-05-19,42.7,26.2,43,12,Healthy
31-05-19,43.6,26.2,49,11,Healthy
01-06-19,44,26.6,41,11,Healthy
02-06-19,44,27.7,42,11,Healthy
03-06-19,44.1,30.1,46,11,Healthy
04-06-19,41.2,27.1,58,23,Healthy
05-06-19,42.8,27.5,55,13,Healthy
06-06-19,41.3,25.1,44,12,Healthy
07-06-19,41,25.3,45,15,Healthy
08-06-19,41.8,26.8,52,14,Healthy
09-06-19,42.8,27.6,44,13,Healthy
10-06-19,44.4,28,48,11,Healthy
11-06-19,43.9,28.6,36,12,Healthy
12-06-19,42.3,28.9,45,17,Healthy
13-06-19,41.4,26.5,52,17,Healthy
14-06-19,42.2,26.7,34,12,Healthy
15-06-19,42.5,28.3,41,15,Healthy
16-06-19,39.6,28.6,65,24,Healthy
17-06-19,40.9,24.5,82,19,Healthy
18-06-19,33.2,24,85,52,Healthy
19-06-19,36.8,26.3,82,36,Healthy
20-06-19,35.9,26.7,71,37,Healthy
21-06-19,37,24.9,79,32,Healthy
22-06-19,38.9,26.4,65,29,Healthy
23-06-19,39,28.3,63,30,Healthy
24-06-19,34.7,27.4,80,49,Healthy
25-06-19,37.3,27.3,83,35,Healthy
26-06-19,39.7,28,75,27,Healthy
27-06-19,39.4,27.3,73,31,Healthy
28-06-19,40.5,28.5,69,25,Healthy
29-06-19,40.6,28.8,66,27,Healthy
30-06-19,39.6,29,64,31,Healthy
01-07-19,40.4,29,58,30,Healthy
02-07-19,41.7,28.8,63,24,Healthy
03-07-19,40.8,30.1,55,29,Healthy
04-07-19,40.9,30.9,68,31,Healthy
05-07-19,38.7,28.9,76,39,Healthy
06-07-19,36.9,26.6,92,48,Healthy
07-07-19,37.3,28.1,78,44,Healthy
08-07-19,39.8,29.6,75,36,Healthy
09-07-19,38.7,29,80,43,Healthy
10-07-19,35.9,27.6,88,53,Healthy
11-07-19,39.3,27.7,88,39,Healthy
12-07-19,38.2,27.3,90,44,Healthy
13-07-19,36.8,25.8,92,47,Healthy
14-07-19,35.4,24.5,96,49,Healthy
15-07-19,33.8,24.5,97,59,Early Blight
16-07-19,31.2,24,96,65,Early Blight
17-07-19,32.2,23.7,98,58,Early Blight
18-07-19,32.9,25.6,95,66,Early Blight
19-07-19,33.1,25.4,97,64,Early Blight
20-07-19,34,25.6,96,54,Early Blight
21-07-19,32.8,26.9,93,67,Early Blight
22-07-19,34.7,27.6,92,59,Early Blight
23-07-19,36,28.6,90,53,Healthy
24-07-19,37.3,28,91,48,Healthy
25-07-19,33,26.9,93,65,Early Blight
26-07-19,31.5,26.5,94,69,Early Blight
27-07-19,31,25.9,95,68,Early Blight
28-07-19,31,25.5,93,73,Early Blight
29-07-19,33.5,26.5,94,64,Early Blight
30-07-19,34.2,27.6,92,60,Early Blight
31-07-19,33,26.5,87,67,Healthy
01-08-19,33.9,26.1,97,65,Early Blight
02-08-19,29.6,25.2,97,78,Early Blight
03-08-19,33.1,26,97,61,Early Blight
04-08-19,34,26.9,98,60,Early Blight
05-08-19,35.4,27.7,95,57,Healthy
06-08-19,35,27.6,92,60,Early Blight
07-08-19,33.1,27.1,90,62,Healthy
08-08-19,34.6,27.9,92,58,Early Blight
09-08-19,32.3,26.6,95,71,Early Blight
10-08-19,33,27,85,65,Healthy
11-08-19,33.6,27.4,95,67,Early Blight
12-08-19,33.3,26.3,97,66,Early Blight
13-08-19,34,27,96,63,Early Blight
14-08-19,33.4,26.9,98,66,Early Blight
15-08-19,34.2,27.4,95,62,Early Blight
16-08-19,32.9,26.9,92,69,Early Blight
17-08-19,28.4,23.6,96,86,Early Blight
18-08-19,33.2,23.7,93,56,Early Blight
19-08-19,33.4,24.6,95,56,Early Blight
20-08-19,35.4,25.1,89,42,Healthy
21-08-19,36,25.9,86,43,Healthy
22-08-19,36.1,26.9,92,45,Healthy
23-08-19,36.2,27.1,92,43,Healthy
24-08-19,38.2,27.7,89,32,Healthy
25-08-19,34.7,26.9,92,55,Early Blight
26-08-19,34.3,26.6,92,56,Early Blight
27-08-19,35.3,27.9,89,55,Healthy
28-08-19,36.4,27.8,91,48,Healthy
29-08-19,37.6,28.3,86,46,Healthy
30-08-19,36.3,27.5,91,52,Healthy
31-08-19,35.6,26.8,94,54,Healthy
01-09-19,35,27,93,58,Early Blight
02-09-19,33.3,27.2,92,63,Early Blight
03-09-19,35.8,27.4,93,50,Healthy
04-09-19,36.8,28.3,89,48,Healthy
05-09-19,36.1,27.3,90,53,Healthy
06-09-19,36.3,27.7,90,50,Healthy
07-09-19,36.6,27.8,89,51,Healthy
08-09-19,36.6,27.5,90,45,Healthy
09-09-19,37.7,27.7,89,42,Healthy
10-09-19,39.1,28.7,79,36,Healthy
11-09-19,39.6,28.8,80,36,Healthy
12-09-19,40,29.1,83,31,Healthy
13-09-19,37.6,28.6,86,44,Healthy
14-09-19,36.9,28.4,83,47,Healthy
15-09-19,37.2,28,84,39,Healthy
16-09-19,35.8,28.1,78,44,Healthy
17-09-19,36.7,27,79,42,Healthy
18-09-19,35.5,26.9,82,40,Healthy
19-09-19,34.3,26,78,52,Healthy
20-09-19,33.9,25.3,85,48,Healthy
21-09-19,34.4,25.2,87,44,Healthy
22-09-19,35.1,26,81,40,Healthy
23-09-19,33.9,25.7,80,46,Healthy
24-09-19,34.4,25.6,77,42,Healthy
25-09-19,33.9,26.5,79,49,Healthy
26-09-19,33.9,26.3,80,49,Healthy
27-09-19,33.2,25.8,85,56,Healthy
28-09-19,31.8,24.5,91,57,Early Blight
29-09-19,30.1,21.9,98,62,Early Blight
30-09-19,30.1,22.1,97,54,Early Blight
01-10-19,30.4,21.9,97,53,Early Blight
02-10-19,31.7,22.3,96,50,Early Blight
03-10-19,32.1,19.7,96,48,Early Blight
04-10-19,29.9,20.7,96,45,Early Blight
05-10-19,31.1,19.1,93,44,Early Blight
06-10-19,30.8,19.3,94,41,Early Blight
07-10-19,30.6,19.9,81,37,Healthy
08-10-19,31.6,19.6,76,33,Healthy
09-10-19,32.1,19.5,85,31,Healthy
10-10-19,32.6,20.1,86,31,Healthy
11-10-19,32.9,19.6,85,29,Healthy
12-10-19,32.8,20.1,89,32,Healthy
13-10-19,33.4,20.5,92,29,Early Blight
14-10-19,34.2,20.9,84,27,Healthy
15-10-19,33.7,21.3,91,32,Early Blight
16-10-19,33,21.6,92,34,Early Blight
17-10-19,32.5,21.2,91,35,Early Blight
18-10-19,29.7,18.3,90,46,Healthy
19-10-19,31,17.5,87,30,Healthy
20-10-19,30.3,17.7,84,32,Healthy
21-10-19,30.4,17.4,86,33,Healthy
22-10-19,31.9,17.7,80,30,Healthy
23-10-19,31.4,18.5,84,28,Healthy
24-10-19,31.2,17.6,88,30,Healthy
25-10-19,31.1,17.4,93,28,Early Blight
26-10-19,31,17.3,87,32,Healthy
27-10-19,31.3,17.6,91,32,Early Blight
28-10-19,31.5,18.4,92,37,Early Blight
29-10-19,31.9,18.2,92,33,Early Blight
30-10-19,31.7,19.1,91,32,Early Blight
31-10-19,31.5,17.9,86,36,Healthy
01-11-19,27.3,18.3,93,47,Early Blight
02-11-19,27.5,18.5,97,50,Early Blight
03-11-19,27,16.6,95,48,Early Blight
04-11-19,29.2,17,92,34,Early Blight
05-11-19,29.8,16.9,91,34,Early Blight
06-11-19,29.1,17.9,77,34,Healthy
07-11-19,22.7,15,95,63,Early Blight
08-11-19,23.5,13.1,98,55,Late Blight
09-11-19,25.5,11.7,95,31,Late Blight
10-11-19,25.1,12.3,85,31,Late Blight
11-11-19,24.5,12.6,79,37,Late Blight
12-11-19,24.9,13.6,85,41,Late Blight
13-11-19,25.1,15,86,46,Healthy
14-11-19,22.7,15.2,98,60,Early Blight
15-11-19,24.5,15.4,100,56,Early Blight
16-11-19,25.1,15,98,51,Early Blight
17-11-19,25.6,13.6,94,40,Late Blight
18-11-19,25.7,12.3,94,35,Late Blight
19-11-19,25.4,11.3,95,33,Late Blight
20-11-19,25,11.6,97,37,Late Blight
21-11-19,23.7,11.8,99,48,Late Blight
22-11-19,21.7,13.5,96,50,Late Blight
23-11-19,23.8,13.2,92,47,Late Blight
24-11-19,24.2,12.3,92,39,Late Blight
25-11-19,23.8,12,90,30,Late Blight
26-11-19,23.3,11.8,95,42,Late Blight
27-11-19,18.3,13.9,98,80,Late Blight
28-11-19,20.9,11.2,100,64,Early Blight
29-11-19,21.5,9.4,99,50,Late Blight
30-11-19,21.9,9,99,41,Late Blight
01-12-19,22.3,8.5,87,35,Healthy
02-12-19,23.1,7.7,89,30,Healthy
03-12-19,22.6,6.6,92,31,Early Blight
04-12-19,22.5,7.6,98,40,Early Blight
05-12-19,21.9,7.9,98,45,Early Blight
06-12-19,21.5,7.9,98,44,Early Blight
07-12-19,22.3,7.2,94,38,Early Blight
08-12-19,21.8,8.3,86,36,Healthy
09-12-19,21.1,8.4,92,37,Early Blight
10-12-19,20.8,7.1,95,42,Early Blight
11-12-19,21,8.3,97,47,Early Blight
12-12-19,15.8,9.7,98,74,Late Blight
13-12-19,16.5,8.5,98,59,Early Blight
14-12-19,17.5,8.5,99,59,Early Blight
15-12-19,16.9,7.5,99,57,Early Blight
16-12-19,18.1,6.3,97,51,Early Blight
17-12-19,18.7,5.3,98,46,Early Blight
18-12-19,18.2,5.3,100,46,Early Blight
19-12-19,17.2,6.7,100,62,Early Blight
20-12-19,17.2,7.6,100,68,Early Blight
21-12-19,17.5,6.8,100,65,Early Blight
22-12-19,17.8,5.9,100,58,Early Blight
23-12-19,17.5,5.1,100,56,Early Blight
24-12-19,14.7,4.8,100,67,Early Blight
25-12-19,14.3,4.4,100,70,Early Blight
26-12-19,15.1,2.5,100,62,Early Blight
27-12-19,11.9,1.4,100,72,Early Blight
28-12-19,10.3,3.7,99,78,Early Blight
29-12-19,12.1,0.9,100,61,Early Blight
30-12-19,11.1,1.1,100,74,Early Blight
31-12-19,10.9,1.3,100,69,Early Blight
01-01-20,13.2,1.5,100,62,Early Blight
02-01-20,18.1,4.9,98,52,Early Blight
03-01-20,18.4,4.3,98,50,Early Blight
04-01-20,16.8,4.9,96,54,Early Blight
05-01-20,16.6,5.7,95,61,Early Blight
06-01-20,11.2,8.6,98,88,Early Blight
07-01-20,12.3,6.6,100,93,Early Blight
08-01-20,14.2,4.6,100,62,Early Blight
09-01-20,15.8,3.9,96,53,Early Blight
10-01-20,16.7,4.3,91,39,Early Blight
11-01-20,16.3,4,95,48,Early Blight
12-01-20,18.2,7.9,91,48,Early Blight
13-01-20,13.5,6.8,99,74,Early Blight
14-01-20,15.2,4,100,54,Early Blight
15-01-20,15.5,3.6,97,52,Early Blight
16-01-20,15.7,4.8,100,61,Early Blight
17-01-20,16.8,6,98,56,Early Blight
18-01-20,16.9,5,98,51,Early Blight
19-01-20,17.6,4.9,100,56,Early Blight
20-01-20,17.7,8.3,96,52,Early Blight
21-01-20,17.3,7,94,50,Early Blight
22-01-20,18.1,6.2,92,46,Early Blight
23-01-20,17.8,5.7,94,37,Early Blight
24-01-20,19.3,5,90,34,Healthy
25-01-20,17.4,7.2,97,65,Early Blight
26-01-20,19.5,6.6,98,53,Early Blight
27-01-20,16.7,7.6,94,65,Early Blight
28-01-20,15.2,9.4,99,76,Late Blight
29-01-20,16.8,5.8,100,66,Early Blight
30-01-20,16.9,4.6,100,54,Early Blight
31-01-20,17.2,4.8,98,47,Early Blight
01-02-20,17.7,5.1,97,45,Early Blight
02-02-20,19.1,5.1,94,42,Early Blight
03-02-20,19.2,4.7,95,41,Early Blight
04-02-20,16.2,4.5,100,63,Early Blight
05-02-20,17.6,5.4,100,43,Early Blight
06-02-20,18,5.3,94,42,Early Blight
07-02-20,19.1,5.6,94,39,Early Blight
08-02-20,20.1,5.4,93,39,Early Blight
09-02-20,21,6.7,93,37,Early Blight
10-02-20,21.2,5.7,93,35,Early Blight
11-02-20,21.5,9.5,87,39,Late Blight
12-02-20,23.2,9.6,89,38,Late Blight
13-02-20,24.6,10.2,90,40,Late Blight
14-02-20,23.7,10,74,26,Late Blight
15-02-20,26,8.6,78,20,Healthy
16-02-20,26.1,7.9,84,27,Healthy
17-02-20,26.5,7.3,89,14,Healthy
18-02-20,27.1,8,75,15,Healthy
19-02-20,25,10.7,82,32,Late Blight
20-02-20,23.9,12.1,95,48,Late Blight
21-02-20,20.8,10.4,100,59,Early Blight
22-02-20,23.3,10.2,100,48,Early Blight
23-02-20,24.6,11.3,95,42,Late Blight
24-02-20,25.1,11.2,90,35,Late Blight
25-02-20,25.9,11.8,87,33,Late Blight
26-02-20,26.8,11.6,94,34,Late Blight
27-02-20,26.5,14,94,45,Late Blight
28-02-20,25.6,15.4,96,57,Early Blight
29-02-20,21,13.7,97,67,Late Blight
01-03-20,23.2,12.4,96,61,Late Blight
02-03-20,24.6,12,96,45,Late Blight
03-03-20,25.2,11.8,93,38,Late Blight
04-03-20,25,12.2,95,38,Late Blight
05-03-20,21.1,14,95,65,Late Blight
06-03-20,16.9,12.7,96,80,Late Blight
07-03-20,20.1,11.8,96,51,Late Blight
08-03-20,22.1,10.5,96,52,Late Blight
09-03-20,23.1,9.6,93,37,Late Blight
10-03-20,23.1,9.9,94,39,Late Blight
11-03-20,18.9,12.3,95,65,Late Blight
12-03-20,22.9,12.1,96,41,Late Blight
13-03-20,21.4,11.2,97,46,Late Blight
14-03-20,19,9.6,100,70,Early Blight
15-03-20,21.8,11,100,53,Early Blight
16-03-20,23.8,11.9,91,49,Late Blight
17-03-20,25.9,12.4,91,44,Late Blight
18-03-20,26,14.6,94,45,Early Blight
19-03-20,26.5,14.2,94,42,Early Blight
20-03-20,26,14.9,93,47,Early Blight
21-03-20,26.4,14.2,93,48,Early Blight
22-03-20,27.6,15,92,38,Early Blight
23-03-20,28.2,14.4,93,38,Early Blight
24-03-20,24.3,15.4,96,57,Early Blight
25-03-20,26.7,15.5,93,48,Early Blight
26-03-20,25.4,16.5,94,49,Early Blight
27-03-20,20.5,14.1,98,79,Early Blight
28-03-20,23.7,13.3,97,60,Late Blight
29-03-20,26.1,13.4,95,44,Late Blight
30-03-20,26.7,14.1,91,43,Early Blight
31-03-20,24.6,14.6,93,48,Early Blight
01-04-20,27.4,13.9,93,42,Early Blight
02-04-20,27.1,13.6,89,32,Healthy
03-04-20,28,13.9,84,31,Healthy
04-04-20,29.5,14.6,86,35,Healthy
05-04-20,29.5,16.4,84,37,Healthy
06-04-20,29.6,15.7,90,36,Healthy
07-04-20,27.1,14.4,92,40,Early Blight
08-04-20,29.1,15,94,30,Early Blight
09-04-20,31,15.1,87,28,Healthy
10-04-20,31.7,19.3,70,26,Healthy
11-04-20,33.5,19,75,24,Healthy
12-04-20,34.9,19,74,25,Healthy
13-04-20,36.2,20.3,78,26,Healthy
14-04-20,36.8,21.1,73,22,Healthy
15-04-20,36.2,20.8,59,22,Healthy
16-04-20,36,20.4,63,16,Healthy
17-04-20,27.7,17.8,88,44,Healthy
18-04-20,30.3,17.1,95,34,Early Blight
19-04-20,31,17.5,93,28,Early Blight
20-04-20,31.3,17.3,87,21,Healthy
21-04-20,31,17.5,81,30,Healthy
22-04-20,33.1,18.3,76,21,Healthy
23-04-20,34.6,21.6,71,21,Healthy
24-04-20,35.3,20.5,69,19,Healthy
25-04-20,34.6,21.6,69,24,Healthy
26-04-20,32.8,20.6,86,32,Healthy
27-04-20,31.9,20.5,85,42,Healthy
28-04-20,33.1,20.5,89,34,Healthy
29-04-20,36.2,21.9,74,29,Healthy
30-04-20,37.3,22,75,16,Healthy
01-05-20,39.9,22.9,76,17,Healthy
02-05-20,37.3,21.3,85,23,Healthy
03-05-20,34.5,21.5,80,31,Healthy
04-05-20,33.4,20.2,89,27,Healthy
05-05-20,33.5,20.4,75,21,Healthy
06-05-20,33.4,19.5,77,26,Healthy
07-05-20,35.4,20.1,69,22,Healthy
08-05-20,37.7,22.4,59,20,Healthy
09-05-20,39.1,23.9,59,19,Healthy
10-05-20,38.3,24.8,64,25,Healthy
11-05-20,36.2,23.6,76,29,Healthy
12-05-20,35.8,22.8,77,30,Healthy
13-05-20,34.7,23.7,87,32,Healthy
14-05-20,32.4,22.5,82,44,Healthy
15-05-20,35.3,20.9,79,29,Healthy
16-05-20,36.8,21.7,82,24,Healthy
17-05-20,37.7,21.7,67,13,Healthy
18-05-20,37.8,21.7,54,13,Healthy
19-05-20,35.7,21.9,45,15,Healthy
20-05-20,38.3,22,48,15,Healthy
21-05-20,41.1,23.4,48,10,Healthy
22-05-20,42,24.4,50,13,Healthy
23-05-20,42.3,26.1,44,12,Healthy
24-05-20,41.3,26.5,44,14,Healthy
25-05-20,43.4,26.4,43,10,Healthy
26-05-20,43.8,26.9,43,10,Healthy
27-05-20,43.5,26.9,45,10,Healthy
28-05-20,40.5,28.4,57,21,Healthy
29-05-20,34.8,23.4,89,38,Healthy
30-05-20,32.7,23.2,87,41,Healthy
31-05-20,32.1,22.6,85,46,Healthy
01-06-20,34.5,22.3,84,30,Healthy
02-06-20,33.8,24.1,76,34,Healthy
03-06-20,36.2,24.8,70,31,Healthy
04-06-20,35.4,24.6,70,28,Healthy
05-06-20,36.6,24.2,73,29,Healthy
06-06-20,33.4,25.3,73,42,Healthy
07-06-20,36.1,25,75,35,Healthy
08-06-20,38.7,26.7,68,28,Healthy
09-06-20,40.1,28,66,28,Healthy
10-06-20,39.4,28.6,65,30,Healthy
11-06-20,39.9,28.4,67,29,Healthy
12-06-20,39.2,28.6,67,27,Healthy
13-06-20,38.5,27.9,63,27,Healthy
14-06-20,39.9,28,55,25,Healthy
15-06-20,41.1,27.5,56,18,Healthy
16-06-20,42.5,28.8,49,15,Healthy
17-06-20,42.4,29.1,51,15,Healthy
18-06-20,43,29.5,58,16,Healthy
19-06-20,42.6,30.4,61,22,Healthy
20-06-20,40.4,30.1,63,22,Healthy
21-06-20,42.1,30.6,65,22,Healthy
22-06-20,40.3,29.2,68,29,Healthy
23-06-20,39.5,30.3,68,36,Healthy
24-06-20,37.9,29.1,74,41,Healthy
25-06-20,36,28,91,49,Healthy
26-06-20,37.6,26.6,89,44,Healthy
27-06-20,39.4,29.3,76,38,Healthy
28-06-20,40.5,29.6,76,36,Healthy
29-06-20,39.5,29.8,80,39,Healthy
30-06-20,38.4,29.4,76,42,Healthy
01-07-20,37.9,29.7,77,42,Healthy
02-07-20,41.3,30.3,70,29,Healthy
03-07-20,43.6,31.5,70,21,Healthy
04-07-20,41.5,26.9,90,32,Healthy
05-07-20,34.5,25.6,92,49,Early Blight
06-07-20,35,27.5,77,49,Healthy
07-07-20,36.5,28.4,73,48,Healthy
08-07-20,32.4,27.4,81,61,Healthy
09-07-20,36.3,27,85,48,Healthy
10-07-20,38.9,28.7,83,41,Healthy
11-07-20,38.5,27.9,87,42,Healthy
12-07-20,36,26.8,86,50,Healthy
13-07-20,36.4,26,86,45,Healthy
14-07-20,38.6,28.7,76,38,Healthy
15-07-20,38.5,29.9,75,43,Healthy
16-07-20,37.3,28.7,81,45,Healthy
17-07-20,35.8,28.5,82,55,Healthy
18-07-20,36.5,29.4,87,52,Healthy
19-07-20,38.3,28.6,84,43,Healthy
20-07-20,36.1,25.4,91,53,Healthy
21-07-20,27.6,23.6,99,77,Early Blight
22-07-20,32.9,24,97,52,Early Blight
23-07-20,34.9,24.8,94,48,Early Blight
24-07-20,34.6,26.9,84,53,Healthy
25-07-20,33.7,27.6,86,57,Healthy
26-07-20,35.1,27.8,86,56,Healthy
27-07-20,36.5,28.6,85,50,Healthy
28-07-20,38.8,29.5,73,41,Healthy
29-07-20,38.5,28.7,82,43,Healthy
30-07-20,35.4,27.3,86,55,Healthy
31-07-20,35,27.4,92,59,Early Blight
01-08-20,35.4,27.4,90,56,Healthy
02-08-20,37.2,27.8,89,48,Healthy
03-08-20,38.7,29.2,83,44,Healthy
04-08-20,38.3,28.4,89,43,Healthy
05-08-20,38.4,29,85,46,Healthy
06-08-20,36,28.7,88,52,Healthy
07-08-20,35.4,29.1,80,50,Healthy
08-08-20,36.4,28,92,48,Healthy
09-08-20,35.4,28.4,91,60,Healthy
10-08-20,35.2,27.3,95,59,Healthy
11-08-20,34.3,27.7,92,61,Early Blight
12-08-20,37.5,28.1,90,50,Healthy
13-08-20,36.7,27.3,91,55,Healthy
14-08-20,35.3,27.4,89,52,Healthy
15-08-20,35.5,27.6,88,53,Healthy
16-08-20,35.9,28.7,86,54,Healthy
17-08-20,36.3,28.9,86,55,Healthy
18-08-20,36.7,27.2,96,52,Healthy
19-08-20,35.7,26.8,94,57,Healthy
20-08-20,32.1,25.7,95,61,Early Blight
21-08-20,30.8,24.7,96,73,Early Blight
22-08-20,33.2,24.7,95,62,Early Blight
23-08-20,33.1,26.6,88,62,Healthy
24-08-20,33.9,27,87,56,Healthy
25-08-20,33.7,27,88,58,Healthy
26-08-20,31.2,26.9,90,74,Healthy
27-08-20,32,25.7,95,65,Early Blight
28-08-20,31.8,25.4,99,65,Early Blight
29-08-20,32.8,25.5,97,58,Early Blight
30-08-20,33.3,26.1,95,59,Early Blight
31-08-20,32.4,26.4,83,59,Healthy
01-09-20,31.5,26.3,89,62,Healthy
02-09-20,32.8,26.3,89,62,Healthy
03-09-20,32.9,26.2,96,61,Early Blight
04-09-20,30.3,24.8,98,76,Early Blight
05-09-20,30.5,25.1,98,70,Early Blight
06-09-20,31.7,24.9,98,68,Early Blight
07-09-20,33.3,25,98,58,Early Blight
08-09-20,35,25.6,94,51,Early Blight
09-09-20,35.2,25.8,94,52,Healthy
10-09-20,35.4,25.6,93,47,Healthy
11-09-20,36.1,25.5,89,42,Healthy
12-09-20,36.4,25.4,88,43,Healthy
13-09-20,36.6,24.8,86,37,Healthy
14-09-20,36.3,25.9,81,41,Healthy
15-09-20,36.5,26.7,83,43,Healthy
16-09-20,36.5,28.4,82,46,Healthy
17-09-20,36.6,26.9,81,44,Healthy
18-09-20,36.7,26.3,84,43,Healthy
19-09-20,36.9,25.4,80,35,Healthy
20-09-20,36.8,24.3,84,35,Healthy
21-09-20,37.1,24.5,80,31,Healthy
22-09-20,36.5,25.6,75,36,Healthy
23-09-20,36,25,92,41,Healthy
24-09-20,36.6,25.3,87,34,Healthy
25-09-20,36.7,22.6,82,30,Healthy
26-09-20,35.5,22.6,74,27,Healthy
27-09-20,35.9,23,77,28,Healthy
28-09-20,35.2,23.1,76,33,Healthy
29-09-20,34.7,22.8,82,31,Healthy
30-09-20,35.5,22,77,26,Healthy
01-10-20,35.7,22.3,73,27,Healthy
02-10-20,35.3,22.3,74,23,Healthy
03-10-20,34.9,20.7,66,24,Healthy
04-10-20,35.2,19.7,76,23,Healthy
05-10-20,35.9,20.2,71,21,Healthy
06-10-20,35.3,19.3,77,24,Healthy
07-10-20,36.2,20.5,75,19,Healthy
08-10-20,35.6,19.7,66,21,Healthy
09-10-20,35.6,21.2,66,23,Healthy
10-10-20,35.9,20,76,20,Healthy
11-10-20,35.8,19.5,75,19,Healthy
12-10-20,36.1,20,65,16,Healthy
13-10-20,35.7,20.6,72,18,Healthy
14-10-20,35.3,19.5,72,16,Healthy
15-10-20,34.2,17.8,75,16,Healthy
16-10-20,34.2,17.8,64,15,Healthy
17-10-20,34.2,19.7,56,16,Healthy
18-10-20,34.4,17.7,50,13,Healthy
19-10-20,33.7,16.6,60,17,Healthy
20-10-20,33.6,16.3,61,14,Healthy
21-10-20,33.5,16.3,63,14,Healthy
22-10-20,32.3,16.5,73,20,Healthy
23-10-20,31.6,16.6,69,20,Healthy
24-10-20,32.5,17.4,67,16,Healthy
25-10-20,32.6,17.4,61,15,Healthy
26-10-20,31.8,15,68,13,Healthy
27-10-20,30.9,14.5,73,17,Healthy
28-10-20,31,15,66,16,Healthy
29-10-20,31.3,15.1,69,17,Healthy
30-10-20,30.6,14.2,81,19,Healthy
31-10-20,30.7,12.9,81,13,Healthy
01-11-20,30.2,13,64,12,Healthy
02-11-20,29.8,14.2,48,15,Healthy
03-11-20,30.2,13.8,52,19,Healthy
04-11-20,30.8,14.4,65,16,Healthy
05-11-20,30.4,12.7,82,16,Healthy
06-11-20,30.5,13.1,88,19,Healthy
07-11-20,30.2,13.8,74,20,Healthy
08-11-20,30.1,12.5,73,21,Healthy
09-11-20,29.7,12.9,83,22,Healthy
10-11-20,29.1,13.4,89,26,Healthy
11-11-20,28.9,12.9,94,21,Early Blight
12-11-20,28.3,12.1,93,20,Early Blight
13-11-20,27.7,11.5,90,26,Healthy
14-11-20,26.2,13.6,88,36,Late Blight
15-11-20,19.4,13.7,96,63,Late Blight
16-11-20,21.4,12,97,56,Late Blight
17-11-20,23,8.9,96,34,Early Blight
18-11-20,22.2,8.8,88,25,Healthy
19-11-20,22.4,9.3,82,29,Late Blight
20-11-20,23.2,9.2,88,30,Late Blight
21-11-20,22.6,8.2,84,26,Healthy
22-11-20,21.2,7.9,87,28,Healthy
23-11-20,22,11.6,82,33,Late Blight
24-11-20,19.6,12.5,78,51,Late Blight
25-11-20,19,10.2,93,62,Late Blight
26-11-20,21.5,9.2,96,42,Late Blight
27-11-20,22.9,9.2,89,37,Late Blight
28-11-20,23.1,7.9,94,29,Early Blight
29-11-20,22.9,8.8,91,35,Early Blight
30-11-20,23.9,9.5,90,37,Late Blight
01-12-20,24.9,10.5,92,35,Late Blight
02-12-20,25.8,10.3,93,38,Late Blight
03-12-20,25,10.4,95,41,Late Blight
04-12-20,25.2,11.9,95,40,Late Blight
05-12-20,24.7,13.4,95,45,Late Blight
06-12-20,24.7,12.4,97,48,Late Blight
07-12-20,24.8,11.4,98,39,Late Blight
08-12-20,23.7,11.4,94,41,Late Blight
09-12-20,20.1,11.3,100,53,Early Blight
10-12-20,23,10.9,97,46,Late Blight
11-12-20,20.9,10,94,43,Late Blight
12-12-20,18.6,8.3,96,52,Early Blight
13-12-20,18.2,7.3,96,51,Early Blight
14-12-20,18.1,5.1,98,44,Early Blight
15-12-20,17.4,5.4,96,45,Early Blight
16-12-20,16.4,4.5,99,40,Early Blight
17-12-20,16.9,2.6,97,31,Early Blight
18-12-20,17.6,2.9,93,35,Early Blight
19-12-20,18.6,3,96,38,Early Blight
20-12-20,19.8,6.2,92,43,Early Blight
21-12-20,20.3,5.9,95,46,Early Blight
22-12-20,19.9,6.7,94,45,Early Blight
23-12-20,20.3,5.6,96,44,Early Blight
24-12-20,20,4.6,100,46,Early Blight
25-12-20,19.6,4.7,100,47,Early Blight
26-12-20,18.7,3.5,100,52,Early Blight
27-12-20,16.9,3.7,97,62,Early Blight
28-12-20,15,3.5,92,39,Early Blight
29-12-20,16.1,2.5,98,46,Early Blight
30-12-20,16.9,3,97,41,Early Blight
31-12-20,16,1.9,99,50,Early Blight
01-01-21,16.4,4.2,100,51,Early Blight
02-01-21,16.8,4.8,100,57,Early Blight
03-01-21,18.2,9.4,96,71,Late Blight
04-01-21,19.7,12.1,98,70,Late Blight
05-01-21,16.9,14.1,99,88,Early Blight
06-01-21,18.2,9.2,100,69,Early Blight
07-01-21,18.2,10,100,61,Early Blight
08-01-21,17.6,6.6,99,55,Early Blight
09-01-21,17.7,5.1,100,51,Early Blight
10-01-21,17,5.3,100,56,Early Blight
11-01-21,18.2,4.6,100,54,Early Blight
12-01-21,16.8,2.7,100,62,Early Blight
13-01-21,16.4,3.7,100,62,Early Blight
14-01-21,14.8,4.3,100,70,Early Blight
15-01-21,14.7,5.4,100,73,Early Blight
16-01-21,13.2,4.7,100,79,Early Blight
17-01-21,13.1,6.4,100,73,Early Blight
18-01-21,18,6.8,99,67,Early Blight
19-01-21,19.2,6.4,98,57,Early Blight
20-01-21,20.1,6.7,98,52,Early Blight
21-01-21,19.8,6.3,95,45,Early Blight
22-01-21,19.7,7.6,92,56,Early Blight
23-01-21,18.1,6.5,98,63,Early Blight
24-01-21,16.7,6.5,100,58,Early Blight
25-01-21,19.1,4.9,92,37,Early Blight
26-01-21,19,4.5,91,36,Early Blight
27-01-21,18.8,5.1,89,39,Healthy
28-01-21,19.1,4.5,95,37,Early Blight
29-01-21,19.6,4.2,92,39,Early Blight
30-01-21,19.7,4.4,91,34,Early Blight
31-01-21,20.4,5.6,93,38,Early Blight
01-02-21,21,6.7,95,48,Early Blight
02-02-21,21.5,6.1,96,41,Early Blight
03-02-21,21.6,8.5,94,43,Early Blight
04-02-21,18.9,6.5,95,53,Early Blight
05-02-21,18.7,7,96,49,Early Blight
06-02-21,21.4,8.4,90,37,Healthy
07-02-21,23,7.4,92,37,Early Blight
08-02-21,24.2,7.9,97,36,Early Blight
09-02-21,24.6,9.5,95,38,Late Blight
10-02-21,23.5,9.5,96,45,Late Blight
11-02-21,24.7,9.6,100,44,Early Blight
12-02-21,25,8.5,100,39,Early Blight
13-02-21,24.3,10.5,100,44,Early Blight
14-02-21,23.8,10.3,100,52,Early Blight
15-02-21,23.4,10.9,100,56,Early Blight
16-02-21,23.9,10.6,100,54,Early Blight
17-02-21,24.7,10.5,100,48,Early Blight
18-02-21,24,10.8,100,56,Early Blight
19-02-21,24.7,10.7,100,41,Early Blight
20-02-21,25.1,9.8,100,37,Early Blight
21-02-21,25.9,10.8,96,39,Late Blight
22-02-21,27.1,12.6,94,37,Early Blight
23-02-21,27.2,13.6,93,43,Early Blight
24-02-21,27.1,13.4,93,46,Early Blight
25-02-21,28.2,13.4,94,38,Early Blight
26-02-21,29,14.7,92,42,Early Blight
27-02-21,25.7,12.8,92,24,Late Blight
28-02-21,25.1,11.7,94,37,Late Blight
01-03-21,26.2,12.7,92,26,Late Blight
02-03-21,27.1,12.6,70,23,Healthy
03-03-21,28.1,11.6,83,27,Healthy
04-03-21,27.4,12.6,86,36,Healthy
05-03-21,28.9,11.8,88,28,Healthy
06-03-21,29,13,71,25,Healthy
07-03-21,28.4,16.7,72,37,Healthy
08-03-21,29.1,15.8,70,37,Healthy
09-03-21,29.7,15.1,93,28,Early Blight
10-03-21,29.5,14,91,27,Early Blight
11-03-21,29.5,15.9,85,33,Healthy
12-03-21,26.8,14.7,72,42,Healthy
13-03-21,28.4,14,80,29,Healthy
14-03-21,28.6,13.7,87,32,Healthy
15-03-21,29,15.9,88,32,Healthy
16-03-21,30.3,15.4,91,29,Early Blight
17-03-21,29.6,16,84,35,Healthy
18-03-21,30.7,15.2,87,26,Healthy
19-03-21,31.4,16.4,68,24,Healthy
20-03-21,31.7,15.8,76,21,Healthy
21-03-21,28.9,16.6,83,35,Healthy
22-03-21,28.7,16.8,78,38,Healthy
23-03-21,26.9,14.8,89,21,Healthy
24-03-21,27.9,14.3,86,28,Healthy
25-03-21,29.1,14.6,90,25,Healthy
26-03-21,30.6,15.2,83,27,Healthy
27-03-21,32.3,17.9,86,28,Healthy
28-03-21,34.6,17.6,91,26,Early Blight
29-03-21,36,19.3,80,21,Healthy
30-03-21,33.7,19.1,73,15,Healthy
31-03-21,31.3,19.1,27,9,Healthy
01-04-21,31.6,16.9,24,8,Healthy
02-04-21,30.2,14.5,36,7,Healthy
03-04-21,32.1,13.8,44,11,Healthy
04-04-21,33.6,16.1,48,12,Healthy
05-04-21,32.8,20.6,45,21,Healthy
06-04-21,31.3,15.4,94,25,Early Blight
07-04-21,31,16.4,93,24,Early Blight
08-04-21,30.8,15,63,17,Healthy
09-04-21,32.9,16,66,12,Healthy
10-04-21,34.1,18.3,47,15,Healthy
11-04-21,35.2,17.9,58,15,Healthy
12-04-21,35.2,21.6,47,16,Healthy
13-04-21,36.3,21.7,52,16,Healthy
14-04-21,35.4,20.1,48,17,Healthy
15-04-21,35.2,21.4,45,19,Healthy
16-04-21,31.8,18,93,26,Early Blight
17-04-21,30.2,17.6,98,36,Early Blight
18-04-21,32,18.6,92,27,Early Blight
19-04-21,33.3,19.6,67,21,Healthy
20-04-21,30,17.4,81,26,Healthy
21-04-21,26.9,16.4,92,44,Early Blight
22-04-21,27.8,17.5,82,40,Healthy
23-04-21,28,14.2,91,32,Early Blight
24-04-21,31.5,15.5,79,22,Healthy
25-04-21,35.2,17.9,60,14,Healthy
26-04-21,37.6,20.3,67,14,Healthy
27-04-21,39.6,20.8,67,12,Healthy
28-04-21,39.7,22.5,56,12,Healthy
29-04-21,39.4,22.4,46,11,Healthy
30-04-21,39.7,24.7,39,14,Healthy
01-05-21,37.5,24.3,46,14,Healthy
02-05-21,39.4,23.5,57,14,Healthy
03-05-21,38.2,24.2,52,19,Healthy
04-05-21,39.3,25.2,58,16,Healthy
05-05-21,34.7,23.2,65,24,Healthy
06-05-21,34.3,23.4,60,29,Healthy
07-05-21,34.5,22.1,68,23,Healthy
08-05-21,37.1,22,73,19,Healthy
09-05-21,36.3,24.1,58,21,Healthy
10-05-21,38.2,24.9,56,15,Healthy
11-05-21,37.5,23.6,64,23,Healthy
12-05-21,33.9,23.2,71,31,Healthy
13-05-21,32.5,20.4,85,35,Healthy
14-05-21,33.6,20.8,83,27,Healthy
15-05-21,35.6,22.3,63,23,Healthy
16-05-21,37.5,22.9,51,20,Healthy
17-05-21,39,23.8,49,15,Healthy
18-05-21,38.3,23.3,58,16,Healthy
19-05-21,31.9,21.8,71,35,Healthy
20-05-21,36,21.4,73,27,Healthy
21-05-21,36.4,22.5,67,27,Healthy
22-05-21,37.1,24.2,59,20,Healthy
23-05-21,34.5,21.5,64,26,Healthy
24-05-21,36.5,22.1,62,22,Healthy
25-05-21,37.8,23.2,55,15,Healthy
26-05-21,39.9,23.1,55,12,Healthy
27-05-21,41.4,26,38,15,Healthy
28-05-21,42.1,26.6,49,17,Healthy
29-05-21,42.4,27.9,59,14,Healthy
30-05-21,40.4,27.4,66,21,Healthy
31-05-21,40.2,26,63,25,Healthy
01-06-21,34.1,22.8,83,42,Healthy
02-06-21,36.1,24.1,79,27,Healthy
03-06-21,35.4,24.9,81,35,Healthy
04-06-21,34.9,24,85,36,Healthy
05-06-21,36.5,24.7,80,31,Healthy
06-06-21,38.9,26.1,72,25,Healthy
07-06-21,41.5,27.9,57,23,Healthy
08-06-21,42.3,29.5,53,26,Healthy
09-06-21,43.3,30.4,58,24,Healthy
10-06-21,42.5,30.8,66,29,Healthy
11-06-21,41.2,29.4,71,29,Healthy
12-06-21,41.1,30.2,66,29,Healthy
13-06-21,37.1,25.7,85,39,Healthy
14-06-21,37.6,26.2,69,34,Healthy
15-06-21,38.9,26,74,24,Healthy
16-06-21,33.7,24.6,82,44,Healthy
17-06-21,36,24.4,78,32,Healthy
18-06-21,37.8,26.8,76,22,Healthy
19-06-21,39.2,27.1,74,19,Healthy
20-06-21,38.2,26.3,75,29,Healthy
21-06-21,37.9,27,66,29,Healthy
22-06-21,39.6,26.8,66,23,Healthy
23-06-21,40.7,27.1,65,17,Healthy
24-06-21,39.8,28.4,57,22,Healthy
25-06-21,39.4,28.4,63,25,Healthy
26-06-21,37,25.7,74,34,Healthy
27-06-21,38.2,26.7,73,31,Healthy
28-06-21,40.1,27.5,66,25,Healthy
29-06-21,41.3,27.5,58,22,Healthy
30-06-21,42.5,28.8,53,24,Healthy
01-07-21,41.2,29.6,58,28,Healthy
02-07-21,40.8,29.6,55,27,Healthy
03-07-21,37.2,28.7,70,38,Healthy
04-07-21,38.8,29,68,34,Healthy
05-07-21,39.2,29.2,66,33,Healthy
06-07-21,40.2,29.2,66,29,Healthy
07-07-21,41.7,29.8,62,24,Healthy
08-07-21,39.9,29.5,60,34,Healthy
09-07-21,38.7,29.4,72,38,Healthy
10-07-21,38.7,30.3,77,41,Healthy
11-07-21,38.5,27.6,86,43,Healthy
12-07-21,35.5,26.7,93,52,Healthy
13-07-21,34.4,26,94,60,Early Blight
14-07-21,34.7,26.9,85,50,Healthy
15-07-21,36.1,27.5,85,45,Healthy
16-07-21,36.5,28.7,84,50,Healthy
17-07-21,38.6,29.5,81,40,Healthy
18-07-21,41.3,28.6,84,35,Healthy
19-07-21,36.5,26,92,50,Healthy
20-07-21,32.6,25.4,96,69,Early Blight
21-07-21,32.4,25.2,97,63,Early Blight
22-07-21,33.6,26.3,97,57,Early Blight
23-07-21,31.7,27.2,88,65,Healthy
24-07-21,35.8,28.1,87,52,Healthy
25-07-21,36.3,28.8,86,54,Healthy
26-07-21,34.3,28.6,94,63,Early Blight
27-07-21,33.3,27,95,64,Early Blight
28-07-21,28.2,25.5,97,88,Early Blight
29-07-21,30.4,24.9,96,71,Early Blight
30-07-21,30.8,25.4,95,72,Early Blight
31-07-21,32.2,26.2,95,71,Early Blight
01-08-21,33.2,26.3,94,65,Early Blight
02-08-21,33.9,26.8,96,67,Early Blight
03-08-21,33.8,26.9,94,66,Early Blight
04-08-21,34,26.7,95,66,Early Blight
05-08-21,34.3,27.1,93,63,Early Blight
06-08-21,33.7,26.1,96,63,Early Blight
07-08-21,35,26.2,94,54,Early Blight
08-08-21,35,27.5,93,60,Early Blight
09-08-21,34.5,27.6,90,61,Healthy
10-08-21,35.9,27,90,47,Healthy
11-08-21,36.7,27.3,89,44,Healthy
12-08-21,37,27.4,79,43,Healthy
13-08-21,37.1,27.8,81,42,Healthy
14-08-21,35.8,27.1,86,46,Healthy
15-08-21,33.5,26.7,86,55,Healthy
16-08-21,36.1,27.4,86,43,Healthy
17-08-21,37.2,27.3,88,39,Healthy
18-08-21,37.3,26.8,80,34,Healthy
19-08-21,37.9,27.2,80,32,Healthy
20-08-21,37,26.9,83,43,Healthy
21-08-21,32.8,26.3,86,57,Healthy
22-08-21,31.1,25.3,94,67,Early Blight
23-08-21,34.1,25.3,95,56,Early Blight
24-08-21,37.1,26.8,93,43,Healthy
25-08-21,37.9,28.1,83,38,Healthy
26-08-21,37.2,28.1,69,41,Healthy
27-08-21,38,28,73,39,Healthy
28-08-21,36.5,27.2,79,40,Healthy
29-08-21,35.9,26.9,85,43,Healthy
30-08-21,33.6,26.4,86,54,Healthy
31-08-21,33,26.3,87,54,Healthy
01-09-21,33,25.1,94,53,Early Blight
02-09-21,33.8,25.5,93,54,Early Blight
03-09-21,32.2,25.2,95,60,Early Blight
04-09-21,33.5,25.1,94,57,Early Blight
05-09-21,35.1,25.8,94,48,Healthy
06-09-21,35.4,27.1,85,49,Healthy
07-09-21,34.4,27.4,87,58,Healthy
08-09-21,34,26.8,89,56,Healthy
09-09-21,33,26.4,90,61,Healthy
10-09-21,31.6,25,96,64,Early Blight
11-09-21,29.1,24.5,94,76,Early Blight
12-09-21,29.8,22.8,96,68,Early Blight
13-09-21,32.5,23.2,94,58,Early Blight
14-09-21,32.7,25.4,92,64,Early Blight
15-09-21,34.2,26.1,89,50,Healthy
16-09-21,34.1,25.8,86,54,Healthy
17-09-21,33.3,25.5,89,56,Healthy
18-09-21,33.1,25.8,90,58,Healthy
19-09-21,33,26.4,89,60,Healthy
20-09-21,33,26.8,88,59,Healthy
21-09-21,31.9,24.7,96,67,Early Blight
22-09-21,31.1,23.6,96,64,Early Blight
23-09-21,29.3,23.2,99,68,Early Blight
24-09-21,30.9,23.7,96,61,Early Blight
25-09-21,32.1,24,96,57,Early Blight
26-09-21,32.6,24.7,96,57,Early Blight
27-09-21,33.2,25.2,96,56,Early Blight
28-09-21,33.6,25.2,92,52,Early Blight
29-09-21,33.6,25.9,87,52,Healthy
30-09-21,32.9,25.8,92,55,Early Blight
01-10-21,33.8,26,92,52,Early Blight
02-10-21,33.2,25.9,93,57,Early Blight
03-10-21,34.4,26,90,46,Healthy
04-10-21,33.7,25.5,85,49,Healthy
05-10-21,32.4,25.3,87,54,Healthy
06-10-21,33.9,23.1,97,43,Early Blight
07-10-21,33.8,22.3,84,41,Healthy
08-10-21,35.1,22.7,92,34,Healthy
09-10-21,34.8,22.6,93,35,Early Blight
10-10-21,34.9,22.4,83,36,Healthy
11-10-21,34.5,21.5,76,33,Healthy
12-10-21,32.8,19.3,87,33,Healthy
13-10-21,32.3,18.8,78,29,Healthy
14-10-21,32.8,17.6,74,26,Healthy
15-10-21,32.6,17.6,69,24,Healthy
16-10-21,32.5,20.8,66,27,Healthy
17-10-21,31.4,20.8,94,44,Early Blight
18-10-21,28,20.2,95,55,Early Blight
19-10-21,31.7,19.5,94,34,Early Blight
20-10-21,32.4,19.6,76,31,Healthy
21-10-21,31.3,17.5,75,30,Healthy
22-10-21,31.2,18.1,87,38,Healthy
23-10-21,27.3,18.5,92,56,Early Blight
24-10-21,23.3,15.5,95,66,Early Blight
25-10-21,25.8,14.1,91,46,Early Blight
26-10-21,26.7,14.3,89,33,Healthy
27-10-21,27.9,14.2,86,35,Healthy
28-10-21,28.2,14.1,74,28,Healthy
29-10-21,28.8,15,81,28,Healthy
30-10-21,29.5,14.8,80,31,Healthy
31-10-21,29.2,15.3,80,30,Healthy
01-11-21,29.3,16.3,75,30,Healthy
02-11-21,25.8,15.2,73,46,Healthy
03-11-21,27.5,13.9,81,34,Healthy
04-11-21,27.6,14,85,28,Healthy
05-11-21,27.6,13.8,87,31,Healthy
06-11-21,27.4,13.8,88,37,Healthy
07-11-21,27.9,13.2,89,30,Healthy
08-11-21,28.5,12.9,93,33,Early Blight
09-11-21,28.9,13.6,92,33,Early Blight
10-11-21,28.8,13.4,94,33,Early Blight
11-11-21,28.6,14.4,86,30,Healthy
12-11-21,28,13.1,92,33,Early Blight
13-11-21,28.1,13.4,79,24,Healthy
14-11-21,26.9,11.4,79,25,Late Blight
15-11-21,26.1,10.3,91,25,Late Blight
16-11-21,25.8,10.7,81,28,Late Blight
17-11-21,25.5,10.7,81,26,Late Blight
18-11-21,24.6,11.1,84,31,Late Blight
19-11-21,24.8,10,91,35,Late Blight
20-11-21,24.4,10,92,35,Late Blight
21-11-21,25.4,10.2,92,35,Late Blight
22-11-21,25.6,9.3,91,29,Late Blight
23-11-21,24.8,8.7,92,37,Early Blight
24-11-21,26,10.8,93,30,Late Blight
25-11-21,25.8,11.6,88,31,Late Blight
26-11-21,24.6,9.8,96,37,Late Blight
27-11-21,24.7,10.3,95,38,Late Blight
28-11-21,24.8,10.6,92,35,Late Blight
29-11-21,24.7,9.9,95,37,Late Blight
30-11-21,23.8,10.6,94,39,Late Blight
01-12-21,23.2,9.6,96,42,Late Blight
02-12-21,22.4,10.8,91,47,Late Blight
03-12-21,23.1,10.1,95,41,Late Blight
04-12-21,23.6,10.8,96,45,Late Blight
05-12-21,22.6,10.9,97,48,Late Blight
06-12-21,22.2,9.7,98,47,Late Blight
07-12-21,22.2,9.2,95,40,Late Blight
08-12-21,22.4,8.8,92,36,Early Blight
09-12-21,22.5,8.2,92,36,Early Blight
10-12-21,22.2,7.5,92,41,Early Blight
11-12-21,21.7,6.2,95,33,Early Blight
12-12-21,21.4,7.4,96,36,Early Blight
13-12-21,20.3,6.7,99,39,Early Blight
14-12-21,19.7,7.2,95,41,Early Blight
15-12-21,19.4,6.5,90,37,Healthy
16-12-21,17.6,4.3,95,35,Early Blight
17-12-21,17.2,5.1,97,42,Early Blight
18-12-21,17.3,3.2,92,38,Early Blight
19-12-21,17,2.5,94,41,Early Blight
20-12-21,17.7,2.6,94,43,Early Blight
21-12-21,18.4,5.1,96,48,Early Blight
22-12-21,18.5,5.1,100,54,Early Blight
23-12-21,19.4,6.9,95,45,Early Blight
24-12-21,19.4,5.9,96,51,Early Blight
25-12-21,19.2,5.7,98,59,Early Blight
26-12-21,18.4,8,100,66,Early Blight
27-12-21,18.4,7.6,99,61,Early Blight
28-12-21,18.6,5.3,96,47,Early Blight
29-12-21,17.7,4.3,96,41,Early Blight
30-12-21,18.2,6.2,86,44,Healthy
31-12-21,18.2,4.8,94,48,Early Blight
01-01-22,18.4,6.3,90,47,Healthy
02-01-22,18.8,5.3,92,42,Early Blight
03-01-22,19.7,7.1,90,44,Healthy
04-01-22,16.3,11.3,94,67,Late Blight
05-01-22,14.2,10.6,98,90,Late Blight
06-01-22,16.6,10.4,97,70,Late Blight
07-01-22,15,11.8,94,85,Late Blight
08-01-22,16,6.3,96,64,Early Blight
09-01-22,16,6.7,99,62,Early Blight
10-01-22,16.1,5.9,99,60,Early Blight
11-01-22,16.9,5.8,100,62,Early Blight
12-01-22,18.1,6.2,97,53,Early Blight
13-01-22,17.7,6.1,100,56,Early Blight
14-01-22,16.6,3.9,100,69,Early Blight
15-01-22,14.9,4.9,100,75,Early Blight
16-01-22,14.4,6,100,73,Early Blight
17-01-22,15.7,5.6,100,68,Early Blight
18-01-22,16.5,6,100,71,Early Blight
19-01-22,15.9,9,100,77,Early Blight
20-01-22,16.8,7.6,100,66,Early Blight
21-01-22,16.7,6.1,100,64,Early Blight
22-01-22,13.6,10.2,99,80,Early Blight
23-01-22,15.4,9,99,63,Late Blight
24-01-22,15.3,6.4,100,71,Early Blight
25-01-22,16.4,6.6,100,57,Early Blight
26-01-22,17.2,5.1,93,46,Early Blight
27-01-22,17.9,4.4,91,45,Early Blight
28-01-22,18,4.4,92,47,Early Blight
29-01-22,19.1,6.4,94,47,Early Blight
30-01-22,19.7,6.7,95,52,Early Blight
31-01-22,20,7.9,98,53,Early Blight
01-02-22,20.8,6.6,99,48,Early Blight
02-02-22,19.2,6,93,53,Early Blight
03-02-22,13.1,5,99,66,Early Blight
04-02-22,16.6,4.7,100,59,Early Blight
05-02-22,17.3,5.4,100,59,Early Blight
06-02-22,18,6.8,100,59,Early Blight
07-02-22,20.2,8.2,97,50,Early Blight
08-02-22,21.1,7.3,98,43,Early Blight
09-02-22,20.1,7.2,89,46,Healthy
10-02-22,20.7,7.6,88,41,Healthy
11-02-22,21,6.5,89,40,Healthy
12-02-22,21.5,7.5,94,42,Early Blight
13-02-22,22.3,8,94,43,Early Blight
14-02-22,22.8,9.3,93,40,Late Blight
15-02-22,22.7,9.4,93,43,Late Blight
16-02-22,22.5,8.9,96,41,Early Blight
17-02-22,22.7,8.9,92,40,Early Blight
18-02-22,21.9,8.7,92,42,Early Blight
19-02-22,23.1,8.6,96,35,Early Blight
20-02-22,23.9,10.1,70,27,Late Blight
21-02-22,24.4,8.9,78,30,Healthy
22-02-22,24.5,11.2,100,44,Early Blight
23-02-22,21.8,10,97,46,Late Blight
24-02-22,22.1,10,98,47,Late Blight
25-02-22,20.7,11.6,95,59,Late Blight
26-02-22,16.6,7.7,96,76,Early Blight
27-02-22,20.5,8.1,95,49,Early Blight
28-02-22,21.7,8.1,91,38,Early Blight
01-03-22,22.2,11.3,94,53,Late Blight
02-03-22,23.6,11.6,95,46,Late Blight
03-03-22,19,10.9,100,71,Early Blight
04-03-22,22.6,11.6,100,51,Early Blight
05-03-22,25.1,11.6,90,39,Late Blight
06-03-22,25.2,14,90,52,Late Blight
07-03-22,25.1,14.2,88,45,Healthy
08-03-22,27.3,13.5,88,37,Healthy
09-03-22,27.4,12.8,91,32,Early Blight
10-03-22,28,14.4,84,36,Healthy
11-03-22,29.3,13.4,81,28,Healthy
12-03-22,31.3,13.6,86,26,Healthy
13-03-22,32.2,17.3,91,34,Early Blight
14-03-22,34.1,16.3,96,33,Early Blight
15-03-22,33.5,18.8,96,38,Early Blight
16-03-22,36,19.6,85,26,Healthy
17-03-22,36.5,20,87,27,Healthy
18-03-22,34.2,21.2,84,41,Healthy
19-03-22,34.5,20.6,91,36,Early Blight
20-03-22,33.8,17.6,91,32,Early Blight
21-03-22,34.1,19.2,78,24,Healthy
22-03-22,33.9,18.2,78,24,Healthy
23-03-22,33.3,17.3,80,28,Healthy
24-03-22,32.5,17.6,73,29,Healthy
25-03-22,33,16.9,64,21,Healthy
26-03-22,34.4,16.3,65,21,Healthy
27-03-22,34.6,16.2,64,20,Healthy
28-03-22,34.6,18.5,76,26,Healthy
29-03-22,36,17.6,83,21,Healthy
30-03-22,36.2,17.8,79,19,Healthy
31-03-22,35.7,18.2,80,20,Healthy
01-04-22,36.1,17.5,63,13,Healthy
02-04-22,36.7,17.2,59,13,Healthy
03-04-22,36.3,18.1,74,15,Healthy
04-04-22,36.6,20.3,61,12,Healthy
05-04-22,37.5,20.2,47,11,Healthy
06-04-22,38.5,20.6,46,10,Healthy
07-04-22,39.3,18.5,60,9,Healthy
08-04-22,39.6,19.4,55,12,Healthy
09-04-22,40.5,20.7,58,11,Healthy
10-04-22,40.2,20.7,59,11,Healthy
11-04-22,41.2,21.4,52,10,Healthy
12-04-22,39.6,22.3,45,12,Healthy
13-04-22,38.3,19.9,42,11,Healthy
14-04-22,37.8,20.6,47,7,Healthy
15-04-22,36.4,20.6,52,15,Healthy
16-04-22,38,21.5,48,12,Healthy
17-04-22,38.4,20.9,50,11,Healthy
18-04-22,40.1,21.6,55,12,Healthy
19-04-22,40,23.8,40,13,Healthy
20-04-22,38.8,23.6,45,15,Healthy
21-04-22,38.6,21.9,49,13,Healthy
22-04-22,35.9,20.2,58,17,Healthy
23-04-22,36.5,21.8,47,14,Healthy
24-04-22,37.9,21,47,15,Healthy
25-04-22,36.9,22.3,44,16,Healthy
26-04-22,39.4,22.5,44,12,Healthy
27-04-22,39.8,21.9,44,13,Healthy
28-04-22,42.4,23.4,45,10,Healthy
29-04-22,42.9,24.2,39,10,Healthy
30-04-22,42.1,24.2,46,10,Healthy
01-05-22,41.6,24.2,51,12,Healthy
02-05-22,41.4,26.2,52,14,Healthy
03-05-22,40,26.4,58,13,Healthy
04-05-22,35.1,22.3,75,32,Healthy
05-05-22,37.4,22.5,72,18,Healthy
06-05-22,38,23.5,51,17,Healthy
07-05-22,38.8,22.9,59,17,Healthy
08-05-22,40.9,23.5,49,14,Healthy
09-05-22,40.8,26.3,59,19,Healthy
10-05-22,39.9,25.6,61,21,Healthy
11-05-22,41.6,26,62,17,Healthy
12-05-22,42.9,26.9,50,12,Healthy
13-05-22,42.7,24.9,44,12,Healthy
14-05-22,44.3,25.5,50,9,Healthy
15-05-22,43.5,26.1,30,11,Healthy
16-05-22,41.2,26.1,45,14,Healthy
17-05-22,40.1,26.2,45,13,Healthy
18-05-22,41.1,26.1,42,13,Healthy
19-05-22,43.5,26.3,39,12,Healthy
20-05-22,42.9,25.7,39,9,Healthy
21-05-22,40.8,25.7,44,9,Healthy
22-05-22,40.7,25.2,42,11,Healthy
23-05-22,33.4,20.4,79,33,Healthy
24-05-22,32.4,21.4,75,34,Healthy
25-05-22,36,21.3,77,24,Healthy
26-05-22,38,24.1,59,24,Healthy
27-05-22,40.7,25.9,59,20,Healthy
28-05-22,41,28.1,63,24,Healthy
29-05-22,40.1,26.8,69,16,Healthy
30-05-22,38.7,25.7,60,24,Healthy
31-05-22,40.5,25.4,61,14,Healthy
01-06-22,40.8,24.8,51,13,Healthy
02-06-22,42.1,25.7,41,10,Healthy
03-06-22,42.5,25.6,48,9,Healthy
04-06-22,42.9,25.2,34,7,Healthy
05-06-22,43.9,26.8,28,8,Healthy
06-06-22,44.4,26,40,8,Healthy
07-06-22,44.7,28.5,29,8,Healthy
08-06-22,44,28.7,28,9,Healthy
09-06-22,44.6,28.8,38,9,Healthy
10-06-22,42.6,30.7,33,11,Healthy
11-06-22,41.9,30.8,49,13,Healthy
12-06-22,42.5,29.4,40,16,Healthy
13-06-22,43.9,30,37,15,Healthy
14-06-22,44,31.3,47,14,Healthy
15-06-22,44.2,31.7,46,14,Healthy
16-06-22,41.9,27,72,17,Healthy
17-06-22,33.5,25.6,88,51,Healthy
18-06-22,32.3,22.4,94,57,Early Blight
19-06-22,32.4,22.1,94,50,Early Blight
20-06-22,33,24.1,86,41,Healthy
21-06-22,27.3,20,96,73,Early Blight
22-06-22,32.3,21.9,94,48,Early Blight
23-06-22,34.6,23.4,86,37,Healthy
24-06-22,36.2,23.7,72,31,Healthy
25-06-22,38.2,24.3,72,24,Healthy
26-06-22,38.8,26.8,67,31,Healthy
27-06-22,38.7,28.9,68,39,Healthy
28-06-22,40.5,30.7,68,31,Healthy
29-06-22,42.2,30.6,70,27,Healthy
30-06-22,38,25.3,95,47,Healthy
01-07-22,31.2,25.4,96,65,Early Blight
02-07-22,34.7,26.7,84,54,Healthy
03-07-22,34.4,26.5,92,59,Early Blight
04-07-22,36.2,27.4,92,51,Healthy
05-07-22,37.8,27.9,94,47,Healthy
06-07-22,36.4,28.2,88,55,Healthy
07-07-22,36,27.3,90,53,Healthy
08-07-22,36.1,27.4,91,54,Healthy
09-07-22,37.2,27.4,88,52,Healthy
10-07-22,33,26.4,92,63,Early Blight
11-07-22,35.4,27,92,52,Healthy
12-07-22,36.7,26.3,88,51,Healthy
13-07-22,36.4,26.9,89,52,Healthy
14-07-22,33.1,26,94,61,Early Blight
15-07-22,30.4,25.6,93,68,Early Blight
16-07-22,35.8,26.9,92,50,Healthy
17-07-22,33.3,25.8,91,59,Early Blight
18-07-22,35.6,26.4,91,50,Healthy
19-07-22,36.7,26.1,93,50,Healthy
20-07-22,34.4,25.4,97,62,Early Blight
21-07-22,30.8,25.1,96,73,Early Blight
22-07-22,32.9,25.5,97,65,Early Blight
23-07-22,32.7,26.1,96,65,Early Blight
24-07-22,33.6,26.6,91,64,Early Blight
25-07-22,33.1,25.6,93,65,Early Blight
26-07-22,32.8,26.7,89,61,Healthy
27-07-22,32.6,25.7,96,65,Early Blight
28-07-22,31.6,24.9,99,71,Early Blight
29-07-22,31,24.8,98,71,Early Blight
30-07-22,30.5,24.9,98,72,Early Blight
31-07-22,30.9,24.5,97,71,Early Blight
01-08-22,30.5,24.3,96,70,Early Blight
02-08-22,33.8,25.6,97,62,Early Blight
03-08-22,34.3,25.1,94,59,Early Blight
04-08-22,33.7,25.9,94,66,Early Blight
05-08-22,31.1,25,97,74,Early Blight
06-08-22,32.3,25.6,97,70,Early Blight
07-08-22,33.2,25.7,99,63,Early Blight
08-08-22,33.9,26.3,99,58,Early Blight
09-08-22,34.5,27.1,97,60,Early Blight
10-08-22,35.9,27.3,95,52,Healthy
11-08-22,32.3,26.2,88,64,Healthy
12-08-22,35,26.1,89,49,Healthy
13-08-22,35.6,26.5,88,50,Healthy
14-08-22,34.4,26.2,93,60,Early Blight
15-08-22,33,25.5,94,62,Early Blight
16-08-22,34.1,25.7,88,51,Healthy
17-08-22,32.1,26.6,86,60,Healthy
18-08-22,33.1,26.3,88,59,Healthy
19-08-22,34.3,27,84,51,Healthy
20-08-22,34.2,25.4,94,48,Early Blight
21-08-22,34.7,26.4,92,51,Early Blight
22-08-22,35.1,27.3,85,49,Healthy
23-08-22,35.1,27.6,82,53,Healthy
24-08-22,33.9,25.8,93,52,Early Blight
25-08-22,34,26.1,90,47,Healthy
26-08-22,33.3,26.5,83,54,Healthy
27-08-22,34.4,27.3,81,51,Healthy
28-08-22,34.2,25.6,92,50,Early Blight
29-08-22,33.5,26.2,90,55,Healthy
30-08-22,34,24.3,96,54,Early Blight
31-08-22,35.8,26.9,81,43,Healthy
01-09-22,36.7,27.4,75,38,Healthy
02-09-22,36.9,27.7,73,37,Healthy
03-09-22,36.6,27,77,36,Healthy
04-09-22,35.5,26.7,73,45,Healthy
05-09-22,35.5,24.7,98,45,Healthy
06-09-22,32.9,25,99,55,Early Blight
07-09-22,34.2,25.3,93,46,Early Blight
08-09-22,34.9,26.6,81,45,Healthy
09-09-22,35.3,26.8,84,48,Healthy
10-09-22,34.8,26.9,85,52,Healthy
11-09-22,33.9,25.5,87,51,Healthy
12-09-22,34.2,24.5,93,46,Early Blight
13-09-22,34.9,25.8,90,45,Healthy
14-09-22,34.8,25.8,87,45,Healthy
15-09-22,34.1,25.7,85,48,Healthy
16-09-22,34.2,23.3,95,50,Early Blight
17-09-22,35.4,25.7,85,41,Healthy
18-09-22,36,25,85,37,Healthy
19-09-22,36.5,25.4,80,33,Healthy
20-09-22,34.7,24.9,91,41,Early Blight
21-09-22,32.1,24.6,95,57,Early Blight
22-09-22,33.2,24.2,99,54,Early Blight
23-09-22,32.4,24.6,94,54,Early Blight
24-09-22,28.1,22.9,93,71,Early Blight
25-09-22,30,22.5,92,62,Early Blight
26-09-22,30.8,22.7,93,59,Early Blight
27-09-22,31.4,23.1,94,56,Early Blight
28-09-22,31.9,22.7,93,53,Early Blight
29-09-22,33,22.9,90,46,Healthy
30-09-22,33.6,23,86,42,Healthy
01-10-22,34.2,22.9,82,38,Healthy
02-10-22,34.1,22.8,82,37,Healthy
03-10-22,34.3,22.9,71,38,Healthy
04-10-22,34.7,21.3,75,33,Healthy
05-10-22,34.4,20.5,77,30,Healthy
06-10-22,33.4,21.1,83,32,Healthy
07-10-22,31.3,21.4,95,49,Early Blight
08-10-22,31,21.2,96,45,Early Blight
09-10-22,30.4,21.7,95,51,Early Blight
10-10-22,28.3,19.8,97,59,Early Blight
11-10-22,28.7,19,98,60,Early Blight
12-10-22,29.4,18.4,98,46,Early Blight
13-10-22,30.8,18.7,87,38,Healthy
14-10-22,31.2,18.4,85,35,Healthy
15-10-22,31.7,18.5,80,32,Healthy
16-10-22,31.9,18.1,80,31,Healthy
17-10-22,32.1,18.1,78,28,Healthy
18-10-22,32,17.2,76,28,Healthy
19-10-22,31.6,18,78,32,Healthy
20-10-22,29.7,16.9,83,44,Healthy
21-10-22,28.9,16.4,82,48,Healthy
22-10-22,29.5,15.6,75,27,Healthy
23-10-22,29.5,15,79,29,Healthy
24-10-22,29.3,16.2,77,29,Healthy
25-10-22,30.2,15.8,85,32,Healthy
26-10-22,30.6,15.6,90,33,Healthy
27-10-22,30.4,16.1,89,34,Healthy
28-10-22,30.2,16,93,35,Early Blight
29-10-22,30.5,16.4,89,31,Healthy
30-10-22,30.1,16.3,87,37,Healthy
31-10-22,30.4,17.6,83,37,Healthy
01-11-22,28.5,17.9,78,46,Healthy
02-11-22,29.4,16.7,82,38,Healthy
03-11-22,29.9,17,92,41,Early Blight
04-11-22,30.1,17.2,93,46,Early Blight
05-11-22,29.5,18.3,90,53,Healthy
06-11-22,27.5,16.6,95,56,Early Blight
07-11-22,25.4,16.3,97,64,Early Blight
08-11-22,26.3,14.8,97,58,Early Blight
09-11-22,24,13.9,96,64,Late Blight
10-11-22,25.5,13.9,93,44,Late Blight
11-11-22,25,13.1,87,45,Late Blight
12-11-22,25.6,12.6,90,41,Late Blight
13-11-22,25.1,13.6,89,45,Late Blight
14-11-22,22.6,13.2,92,52,Late Blight
15-11-22,23.6,13,92,51,Late Blight
16-11-22,23.1,12.4,94,46,Late Blight
17-11-22,24.2,10.2,92,30,Late Blight
18-11-22,23.7,9.8,91,38,Late Blight
19-11-22,23.6,10,94,39,Late Blight
20-11-22,23.6,10.7,89,37,Late Blight
21-11-22,23.6,9.3,93,39,Late Blight
22-11-22,24.5,9.5,91,34,Late Blight
23-11-22,24.3,8.5,93,35,Early Blight
24-11-22,25.1,9.3,93,38,Late Blight
25-11-22,25.2,9.5,95,31,Late Blight
26-11-22,24.6,10.6,94,36,Late Blight
27-11-22,24.3,10.1,89,35,Late Blight
28-11-22,24.1,9.1,92,40,Late Blight
29-11-22,24.3,9.2,97,40,Late Blight
30-11-22,23.8,9.9,97,44,Late Blight
01-12-22,23.8,9.6,95,39,Late Blight
02-12-22,22.9,10.2,95,47,Late Blight
03-12-22,23.2,9.5,97,44,Late Blight
04-12-22,23.2,9.2,94,41,Late Blight
05-12-22,22.6,9.1,92,42,Late Blight
06-12-22,23.1,8.8,94,39,Early Blight
07-12-22,23.4,8.8,91,36,Early Blight
08-12-22,22.7,10.3,93,48,Late Blight
09-12-22,24.1,9.9,90,36,Late Blight
10-12-22,24.7,10.9,81,32,Late Blight
11-12-22,24.4,10.7,76,32,Late Blight
12-12-22,23.4,9,83,27,Late Blight
13-12-22,24,8.5,75,28,Healthy
14-12-22,22.2,7.9,88,31,Healthy
15-12-22,22.5,8,83,28,Healthy
16-12-22,22.2,6.8,90,36,Healthy
17-12-22,22.5,7.1,92,42,Early Blight
18-12-22,22.2,9.7,94,46,Late Blight
19-12-22,21.2,8.5,97,43,Early Blight
20-12-22,20.7,8.5,91,45,Early Blight
21-12-22,20.2,8,96,46,Early Blight
22-12-22,19.7,5,100,51,Early Blight
23-12-22,16.8,5.9,100,66,Early Blight
24-12-22,16.6,6.3,99,62,Early Blight
25-12-22,16.7,5.3,100,55,Early Blight
26-12-22,17.9,5.4,99,52,Early Blight
27-12-22,17.9,5.5,100,54,Early Blight
28-12-22,19.2,5.2,98,51,Early Blight
29-12-22,15.2,9.1,97,77,Late Blight
30-12-22,18.9,7.7,96,59,Early Blight
31-12-22,18.2,6.3,98,53,Early Blight
01-01-23,16.4,4.2,100,57,Early Blight
02-01-23,16.5,3.1,100,60,Early Blight
03-01-23,16.8,3.7,100,58,Early Blight
04-01-23,17,1.7,100,55,Early Blight
05-01-23,15.6,2.4,100,66,Early Blight
06-01-23,12.7,3.3,100,79,Early Blight
07-01-23,14.5,5,100,73,Early Blight
08-01-23,16.2,5.7,100,72,Early Blight
09-01-23,16.6,5.6,100,68,Early Blight
10-01-23,17.7,6.1,100,71,Early Blight
11-01-23,15.8,8,99,76,Early Blight
12-01-23,18.3,8.2,99,66,Early Blight
13-01-23,16.2,5.5,100,62,Early Blight
14-01-23,15.4,2.8,99,55,Early Blight
15-01-23,15.4,2.6,79,36,Healthy
16-01-23,15.8,2.1,88,36,Healthy
17-01-23,16.6,1.6,83,32,Healthy
18-01-23,16.5,2.3,83,35,Healthy
19-01-23,18.6,8.1,83,39,Healthy
20-01-23,14.4,6,97,65,Early Blight
21-01-23,17.6,7.3,96,50,Early Blight
22-01-23,18.4,8.9,87,45,Healthy
23-01-23,19.1,8.8,80,44,Healthy
24-01-23,18.4,7.9,89,47,Healthy
25-01-23,18.4,6.9,100,46,Early Blight
26-01-23,17.3,4.3,99,37,Early Blight
27-01-23,18.4,3.2,88,30,Healthy
28-01-23,19.9,4.8,89,36,Healthy
29-01-23,19.2,5.8,94,48,Early Blight
30-01-23,18.8,6.9,100,62,Early Blight
31-01-23,18.9,7.5,100,50,Early Blight
01-02-23,20.9,6.4,91,37,Early Blight
02-02-23,22.9,6.9,85,30,Healthy
03-02-23,23.5,8.1,96,32,Early Blight
04-02-23,24.2,8.8,95,31,Early Blight
05-02-23,24.3,8.4,88,28,Healthy
06-02-23,23.2,12.1,83,42,Late Blight
07-02-23,23.5,9.2,82,28,Late Blight
08-02-23,24.6,9.4,84,21,Late Blight
09-02-23,22.5,9.6,90,38,Late Blight
10-02-23,25.2,9.7,97,28,Late Blight
11-02-23,22.9,8.6,97,22,Early Blight
12-02-23,21.1,7,52,15,Healthy
13-02-23,23.2,7.7,50,14,Healthy
14-02-23,24.9,8.3,67,19,Healthy
15-02-23,28.4,10.4,70,22,Healthy
16-02-23,28.8,11.5,90,27,Healthy
17-02-23,28.5,11.1,95,30,Early Blight
18-02-23,28.3,12.9,96,34,Early Blight
19-02-23,27.7,12.9,94,39,Early Blight
20-02-23,27.9,13.9,93,41,Early Blight
21-02-23,28.4,11.9,84,28,Healthy
22-02-23,27,12.9,80,25,Late Blight
23-02-23,28.4,11.8,88,18,Healthy
24-02-23,28.5,11.9,69,24,Healthy
25-02-23,28.5,11.9,83,31,Healthy
26-02-23,27.2,13.3,91,37,Early Blight
27-02-23,28.6,13.4,89,25,Healthy
28-02-23,20.5,15,93,65,Early Blight
01-03-23,25.4,14.9,92,45,Early Blight
02-03-23,26.6,14.4,91,41,Early Blight
03-03-23,27.2,14,94,33,Early Blight
04-03-23,27.2,13.9,86,40,Healthy
05-03-23,27.9,13.7,85,32,Healthy
06-03-23,28.8,13.8,83,24,Healthy
07-03-23,28.5,13.3,75,25,Healthy
08-03-23,28.6,13.9,79,29,Healthy
09-03-23,28.9,14.4,73,28,Healthy
10-03-23,29.7,14.6,80,26,Healthy
11-03-23,30.5,15.1,82,28,Healthy
12-03-23,30.9,15.8,86,30,Healthy
13-03-23,29.4,15.4,90,38,Healthy
14-03-23,30.9,15.9,93,28,Early Blight
15-03-23,30.9,16.2,87,30,Healthy
16-03-23,30.3,17.1,81,27,Healthy
17-03-23,25.1,15.9,94,48,Early Blight
18-03-23,24.3,13.7,97,54,Late Blight
19-03-23,24.6,13.9,99,51,Late Blight
20-03-23,24.7,14.1,99,52,Early Blight
21-03-23,25.2,14.1,98,50,Early Blight
22-03-23,25.9,14.7,93,42,Early Blight
23-03-23,25.6,15.4,93,46,Early Blight
24-03-23,23.3,15.5,97,64,Early Blight
25-03-23,24.7,12.1,97,53,Late Blight
26-03-23,24.2,12.8,98,45,Late Blight
27-03-23,26,13.4,92,40,Late Blight
28-03-23,27.8,15.8,77,35,Healthy
29-03-23,29.4,15.4,87,34,Healthy
30-03-23,26.7,17,94,51,Early Blight
31-03-23,23.2,15,97,64,Early Blight
01-04-23,23.2,13.7,100,65,Early Blight
02-04-23,25.5,14.7,99,52,Early Blight
03-04-23,24.8,14.7,95,56,Early Blight
04-04-23,26.2,13.3,100,44,Early Blight
05-04-23,27.8,13.9,92,35,Early Blight
06-04-23,28.1,15.1,92,37,Early Blight
07-04-23,29.1,15,77,30,Healthy
08-04-23,30.9,14.7,79,22,Healthy
09-04-23,31.9,15.8,65,23,Healthy
10-04-23,33.5,16.8,74,19,Healthy
11-04-23,34.4,17.7,69,21,Healthy
12-04-23,35.6,19.1,67,16,Healthy
13-04-23,35.9,19.7,58,19,Healthy
14-04-23,36.5,19.7,61,18,Healthy
15-04-23,37.7,19.7,52,14,Healthy
16-04-23,36.9,22.1,49,22,Healthy
17-04-23,37.2,21.7,71,21,Healthy
18-04-23,35,20.8,82,28,Healthy
19-04-23,28,18.5,91,53,Early Blight
20-04-23,29.5,17.1,84,33,Healthy
21-04-23,29.4,16.1,82,28,Healthy
22-04-23,30.3,15.1,69,24,Healthy
23-04-23,31.8,15.3,69,18,Healthy
24-04-23,33.3,18.6,56,19,Healthy
25-04-23,34.2,19.2,58,19,Healthy
26-04-23,35.2,19.7,59,18,Healthy
27-04-23,34.2,20.5,56,22,Healthy
28-04-23,33.2,19.7,64,25,Healthy
29-04-23,33.3,19.4,76,25,Healthy
30-04-23,30.3,19.7,88,37,Healthy
01-05-23,26.6,18.6,89,54,Healthy
02-05-23,28.4,18.1,97,44,Early Blight
03-05-23,29.8,18.1,97,40,Early Blight
04-05-23,31.6,18.9,90,29,Healthy
05-05-23,32.8,19.9,81,32,Healthy
06-05-23,34.7,22.2,65,17,Healthy
07-05-23,35.6,19.5,60,17,Healthy
08-05-23,34.4,19.1,72,16,Healthy
09-05-23,34.3,20.3,70,16,Healthy
10-05-23,35.9,19.2,45,14,Healthy
11-05-23,38,20.7,50,15,Healthy
12-05-23,39,20.3,59,14,Healthy
13-05-23,39.6,24.8,45,15,Healthy
14-05-23,38.6,23.5,44,14,Healthy
15-05-23,39.1,22.5,65,14,Healthy
16-05-23,39.2,23.2,55,15,Healthy
17-05-23,38.8,25,44,16,Healthy
18-05-23,34.7,21.7,82,27,Healthy
19-05-23,37.5,22.6,66,19,Healthy
20-05-23,40.3,22.6,56,14,Healthy
21-05-23,42.2,24.9,43,11,Healthy
22-05-23,41.8,25.2,52,16,Healthy
23-05-23,40.6,26.4,62,24,Healthy
24-05-23,34.7,22.9,78,33,Healthy
25-05-23,33.5,21.8,84,39,Healthy
26-05-23,30.7,21.8,83,45,Healthy
27-05-23,33.8,21.6,82,38,Healthy
28-05-23,34.6,22.3,78,28,Healthy
29-05-23,30.7,22.4,86,50,Healthy
30-05-23,32.1,21.8,82,34,Healthy
31-05-23,26.2,20,98,67,Early Blight
01-06-23,27.8,18.3,98,58,Early Blight
02-06-23,29.4,19.6,98,48,Early Blight
03-06-23,32.5,20.4,86,40,Healthy
04-06-23,34.4,23.2,71,35,Healthy
05-06-23,36.1,23.3,61,26,Healthy
06-06-23,35.5,22.8,82,34,Healthy
07-06-23,34.3,23.4,75,36,Healthy
08-06-23,36,24.3,70,37,Healthy
09-06-23,38.4,24,71,29,Healthy
10-06-23,38.6,27.1,65,35,Healthy
11-06-23,36.7,24.6,80,37,Healthy
12-06-23,38.6,26.8,80,34,Healthy
13-06-23,40,28.6,77,31,Healthy
14-06-23,38.4,27,71,36,Healthy
15-06-23,34.5,25.4,84,48,Healthy
16-06-23,35.1,26.6,78,41,Healthy
17-06-23,37.5,26.6,79,37,Healthy
18-06-23,37,27.7,81,46,Healthy
19-06-23,37.8,26.9,80,36,Healthy
20-06-23,39.3,28.3,74,37,Healthy
21-06-23,40.2,29.8,65,35,Healthy
22-06-23,41.9,30.2,68,30,Healthy
23-06-23,41.7,31.2,60,32,Healthy
24-06-23,40.1,30.3,78,33,Healthy
25-06-23,40.5,27.9,85,32,Healthy
26-06-23,31.9,25,93,62,Early Blight
27-06-23,35.1,25.9,90,49,Healthy
28-06-23,36.7,25.2,93,49,Healthy
29-06-23,35.3,25.8,87,49,Healthy
30-06-23,36.2,27,84,47,Healthy
01-07-23,37,27.3,81,41,Healthy
02-07-23,36.7,28.1,79,45,Healthy
03-07-23,39.2,29.7,78,39,Healthy
04-07-23,39.8,28.6,88,36,Healthy
05-07-23,31.9,26,95,68,Early Blight
06-07-23,34.5,24.2,93,57,Early Blight
07-07-23,34,26.2,91,59,Early Blight
08-07-23,27.5,24.1,94,81,Early Blight
09-07-23,31.3,24.8,98,67,Early Blight
10-07-23,31.6,23.9,96,63,Early Blight
11-07-23,34.9,24.8,96,53,Early Blight
12-07-23,36.2,26.3,93,49,Healthy
13-07-23,35,26.8,90,55,Healthy
14-07-23,35,27.1,90,53,Healthy
15-07-23,35.8,27.6,90,52,Healthy
16-07-23,34.7,26.6,94,57,Early Blight
17-07-23,34.9,27.4,96,60,Early Blight
18-07-23,34.9,27.4,92,63,Early Blight
19-07-23,34.4,27.6,92,59,Early Blight
20-07-23,35.3,28,91,55,Healthy
21-07-23,36.4,27.2,92,55,Healthy
22-07-23,32.2,26.1,95,71,Early Blight
23-07-23,34,27.2,90,62,Healthy
24-07-23,34.1,27.1,91,64,Early Blight
25-07-23,34.7,26.3,94,63,Early Blight
26-07-23,33.2,25,96,65,Early Blight
27-07-23,32.2,25.5,96,66,Early Blight
28-07-23,32.7,24.3,98,65,Early Blight
29-07-23,32.8,24.8,99,68,Early Blight
30-07-23,34,26.2,98,56,Early Blight
31-07-23,34.5,27.1,89,58,Healthy
01-08-23,35.6,27.5,85,55,Healthy
02-08-23,36.3,25.4,96,55,Healthy
03-08-23,35.2,26,93,58,Healthy
04-08-23,36.3,26.3,95,54,Healthy
05-08-23,35.4,27.6,91,54,Healthy
06-08-23,35.5,25.2,95,57,Healthy
07-08-23,35,26.7,92,53,Early Blight
08-08-23,35.2,25.2,92,55,Healthy
09-08-23,36.3,26,91,51,Healthy
10-08-23,35.4,26.9,91,58,Healthy
11-08-23,36.4,28.3,93,49,Healthy
12-08-23,36.7,28.2,72,46,Healthy
13-08-23,36.7,27,90,47,Healthy
14-08-23,35.6,26.9,85,49,Healthy
15-08-23,34.6,27.2,87,58,Healthy
16-08-23,36,27.5,88,49,Healthy
17-08-23,37.2,27.8,87,42,Healthy
18-08-23,37.3,28.1,85,45,Healthy
19-08-23,35,28,89,54,Healthy
20-08-23,35.9,26.7,95,55,Healthy
21-08-23,37.4,29.2,85,46,Healthy
22-08-23,39.5,29.2,88,39,Healthy
23-08-23,38.5,27.1,86,41,Healthy
24-08-23,35.8,27.3,88,45,Healthy
25-08-23,35.4,24.7,93,51,Healthy
26-08-23,32.2,24.6,99,61,Early Blight
27-08-23,34.4,25.7,95,48,Early Blight
28-08-23,33.5,24.2,91,55,Early Blight
29-08-23,35.3,25.9,92,43,Healthy
30-08-23,36.2,25.4,83,42,Healthy
31-08-23,37.1,26.5,79,40,Healthy
01-09-23,37.7,26.4,75,35,Healthy
02-09-23,36.8,26,81,38,Healthy
03-09-23,36.2,25.9,75,40,Healthy
04-09-23,36.2,25.8,83,42,Healthy
05-09-23,36.4,26.4,82,40,Healthy
06-09-23,37.1,26,85,38,Healthy
07-09-23,38,25.9,79,33,Healthy
08-09-23,37.7,26.4,76,34,Healthy
09-09-23,36.3,26.9,81,42,Healthy
10-09-23,34.9,26.7,82,53,Healthy
11-09-23,35,26.9,78,49,Healthy
12-09-23,36,27.3,79,45,Healthy
13-09-23,36,28.4,81,52,Healthy
14-09-23,36.6,26.5,89,48,Healthy
15-09-23,35.8,26.2,93,55,Healthy
16-09-23,34.9,26.4,94,54,Early Blight
17-09-23,32.1,25.4,96,61,Early Blight
18-09-23,31,23.2,98,66,Early Blight
19-09-23,32,23.3,97,62,Early Blight
20-09-23,33.3,25.2,99,57,Early Blight
21-09-23,33.5,26.3,89,53,Healthy
22-09-23,34,24.2,87,58,Healthy
23-09-23,30.8,23.4,94,67,Early Blight
24-09-23,32.4,23.8,96,58,Early Blight
25-09-23,31.6,22.6,96,59,Early Blight
26-09-23,32.1,22.3,96,53,Early Blight
27-09-23,32.8,21.6,88,43,Healthy
28-09-23,34,21.6,87,39,Healthy
29-09-23,33.7,21.2,83,42,Healthy
30-09-23,32.8,19.8,83,44,Healthy
01-10-23,32.9,19.1,84,30,Healthy
02-10-23,33.4,19.4,73,25,Healthy
03-10-23,33,18.6,84,35,Healthy
04-10-23,33.5,19.1,84,34,Healthy
05-10-23,33.8,18.6,85,33,Healthy
06-10-23,34.2,18.5,86,34,Healthy
07-10-23,34.1,22.8,78,45,Healthy
08-10-23,34.3,23.3,94,47,Early Blight
09-10-23,34.4,21.7,96,37,Early Blight
10-10-23,31.8,19.4,85,47,Healthy
11-10-23,31.4,18.8,88,37,Healthy
12-10-23,32.1,18.7,91,37,Early Blight
13-10-23,33.2,20.3,88,39,Healthy
14-10-23,30.1,19.8,85,52,Healthy
15-10-23,29.3,18.3,93,45,Early Blight
16-10-23,26.3,17.1,90,60,Healthy
17-10-23,25.2,15,92,57,Early Blight
18-10-23,25.8,15.2,88,48,Healthy
19-10-23,27.1,15.1,91,44,Early Blight
20-10-23,28.4,15.5,89,37,Healthy
21-10-23,27.6,17.4,93,42,Early Blight
22-10-23,26.9,17.2,94,50,Early Blight
23-10-23,28.6,16.8,94,41,Early Blight
24-10-23,29.2,16.5,92,36,Early Blight
25-10-23,29.8,15.9,93,36,Early Blight
26-10-23,30.5,15.7,93,33,Early Blight
27-10-23,30.6,15.5,94,39,Early Blight
28-10-23,30.1,17.1,92,39,Early Blight
29-10-23,30.4,17.7,95,37,Early Blight
30-10-23,30.7,17.9,94,38,Early Blight
31-10-23,31,17.4,93,35,Early Blight
01-11-23,30,17.7,96,39,Early Blight
02-11-23,28.9,17.4,98,48,Early Blight
03-11-23,28.3,15.2,92,43,Early Blight
04-11-23,29.7,14.8,91,29,Early Blight
05-11-23,29.3,14.8,95,32,Early Blight
06-11-23,28.6,15.8,91,38,Early Blight
07-11-23,29.3,15.9,96,39,Early Blight
08-11-23,28.1,15.1,95,44,Early Blight
09-11-23,28,15,98,39,Early Blight
10-11-23,21.8,12.6,99,66,Late Blight
11-11-23,24.1,12.4,100,49,Early Blight
12-11-23,24.9,12.4,95,48,Late Blight
13-11-23,25.1,12.1,96,46,Late Blight
14-11-23,25,12.6,97,49,Late Blight
15-11-23,25.8,12.2,96,43,Late Blight
16-11-23,25.4,12.3,95,41,Late Blight
17-11-23,26.2,12.6,96,45,Late Blight
18-11-23,26,12.3,95,37,Late Blight
19-11-23,26.1,12,96,35,Late Blight
20-11-23,25.4,13,84,37,Late Blight
21-11-23,24.7,12,89,37,Late Blight
22-11-23,25.1,11,92,39,Late Blight
23-11-23,25,10.5,92,39,Late Blight
24-11-23,24.6,11,96,47,Late Blight
25-11-23,23.6,10.3,95,45,Late Blight
26-11-23,23.8,12.4,96,47,Late Blight
27-11-23,22.6,12.9,96,54,Late Blight
28-11-23,23.8,12.5,95,50,Late Blight
29-11-23,24.6,13.4,98,51,Late Blight
30-11-23,22.1,11.1,100,59,Early Blight
01-12-23,21.9,11.4,100,55,Early Blight
02-12-23,23.4,10.5,94,51,Late Blight
03-12-23,23,10.7,97,47,Late Blight
04-12-23,22.8,10.4,97,50,Late Blight
05-12-23,22.2,9.9,100,54,Early Blight
06-12-23,22.9,9.5,97,45,Late Blight
07-12-23,23.3,9.2,96,43,Late Blight
08-12-23,22.3,9.2,94,46,Late Blight
09-12-23,22.8,9,92,40,Late Blight
10-12-23,22.6,7.7,94,37,Early Blight
11-12-23,21.6,7.5,93,43,Early Blight
12-12-23,21.5,8.5,94,45,Early Blight
13-12-23,21.2,7.3,99,43,Early Blight
14-12-23,20.9,7.1,98,46,Early Blight
15-12-23,20.6,7,96,47,Early Blight
16-12-23,20.8,6.6,99,46,Early Blight
17-12-23,20.2,7.4,100,46,Early Blight
18-12-23,20.7,6.5,95,41,Early Blight
19-12-23,20.6,6.7,95,43,Early Blight
20-12-23,20.8,6,95,47,Early Blight
21-12-23,20.2,4.3,100,50,Early Blight
22-12-23,20.1,6.3,100,54,Early Blight
23-12-23,21,9.2,97,57,Late Blight
24-12-23,21.4,8.4,99,53,Early Blight
25-12-23,22,8.1,96,52,Early Blight
26-12-23,22.8,8,100,46,Early Blight
27-12-23,21.5,7.7,100,56,Early Blight
28-12-23,19.9,8.2,100,63,Early Blight
29-12-23,18,8,100,72,Early Blight
30-12-23,15.7,6.2,100,73,Early Blight
31-12-23,15.8,4.3,100,71,Early Blight
01-01-24,15.5,4.7,100,74,Early Blight
02-01-24,14.4,4,100,72,Early Blight
03-01-24,14,3.7,100,69,Early Blight
04-01-24,14.9,3.4,100,63,Early Blight
05-01-24,13.9,3.7,100,73,Early Blight
06-01-24,14.4,3.2,100,72,Early Blight
07-01-24,13.9,3.3,100,74,Early Blight
08-01-24,14.3,3.3,100,66,Early Blight
09-01-24,14.9,2.7,100,66,Early Blight
10-01-24,15.1,2.6,100,72,Early Blight
11-01-24,14.6,3,100,72,Early Blight
12-01-24,13.2,3,100,78,Early Blight
13-01-24,15.5,4.8,100,68,Early Blight
14-01-24,13.9,4.4,100,71,Early Blight
15-01-24,13.9,3.6,100,74,Early Blight
16-01-24,13.5,3.6,100,72,Early Blight
17-01-24,14.5,2.9,100,70,Early Blight
18-01-24,15.1,3.8,100,75,Early Blight
19-01-24,14.6,4.7,100,73,Early Blight
20-01-24,15,3.2,100,70,Early Blight
21-01-24,14.9,3.3,100,69,Early Blight
22-01-24,13.1,3,100,73,Early Blight
23-01-24,14.4,2.9,100,69,Early Blight
24-01-24,15.3,3.6,100,70,Early Blight
25-01-24,13.2,4.4,100,77,Early Blight
26-01-24,17.5,5.2,100,55,Early Blight
27-01-24,19.8,5.4,99,49,Early Blight
28-01-24,19.2,6.8,99,55,Early Blight
29-01-24,19.2,7.5,99,65,Early Blight
30-01-24,19.8,7.4,97,57,Early Blight
31-01-24,19.4,10.9,98,71,Late Blight
01-02-24,18.8,9,100,56,Early Blight
02-02-24,17.5,9.5,99,53,Late Blight
03-02-24,16.5,10.5,87,53,Late Blight
04-02-24,16.3,6.4,100,69,Early Blight
05-02-24,17.3,5.7,100,54,Early Blight
06-02-24,18.1,5.1,93,40,Early Blight
07-02-24,18.4,4.8,91,39,Early Blight
08-02-24,20.1,6.6,85,36,Healthy
09-02-24,21.4,5.7,93,42,Early Blight
10-02-24,21.4,6,94,40,Early Blight
11-02-24,22.2,6.2,95,35,Early Blight
12-02-24,21.7,7.2,89,37,Healthy
13-02-24,21.8,7.8,96,43,Early Blight
14-02-24,23.4,7.6,93,34,Early Blight
15-02-24,24.3,7.4,86,26,Healthy
16-02-24,24.5,7.8,87,28,Healthy
17-02-24,24.6,11,89,32,Late Blight
18-02-24,25,10.6,91,43,Late Blight
19-02-24,24.7,13.5,92,45,Late Blight
20-02-24,22.9,9,98,38,Late Blight
21-02-24,21.2,7.6,100,33,Early Blight
22-02-24,21.8,7.2,88,26,Healthy
23-02-24,21.9,6.9,81,22,Healthy
24-02-24,22,7,84,26,Healthy
25-02-24,22.1,6.5,80,25,Healthy
26-02-24,22.9,7.5,74,22,Healthy
27-02-24,21.8,9.9,80,37,Late Blight
28-02-24,24.2,9.3,83,28,Late Blight
29-02-24,25.9,9.9,80,28,Late Blight
01-03-24,23.2,14.4,84,41,Healthy
02-03-24,23.1,8.2,91,28,Early Blight
03-03-24,18.9,5.9,69,27,Healthy
04-03-24,19.3,5.5,70,27,Healthy
05-03-24,20.1,6.4,72,25,Healthy
06-03-24,22.8,5.9,88,22,Healthy
07-03-24,23.9,10.2,92,27,Late Blight
08-03-24,24.6,10.2,76,24,Late Blight
09-03-24,26.7,10.1,68,20,Healthy
10-03-24,28.3,10.3,72,18,Healthy
11-03-24,24.4,11.4,75,36,Late Blight
12-03-24,28.3,10.7,86,24,Healthy
13-03-24,22.7,11.8,90,47,Late Blight
14-03-24,27,12.4,92,29,Late Blight
15-03-24,27.9,10.9,70,16,Healthy
16-03-24,29.8,11.2,66,15,Healthy
17-03-24,30,12.3,72,14,Healthy
18-03-24,31.1,13,71,15,Healthy
19-03-24,32.3,14,78,13,Healthy
20-03-24,32.4,14.9,72,18,Healthy
21-03-24,30.7,17.3,78,29,Healthy
22-03-24,30.2,17.9,75,35,Healthy
23-03-24,32.4,17.2,71,25,Healthy
24-03-24,30.8,17.5,77,33,Healthy
25-03-24,32.6,16.9,78,24,Healthy
26-03-24,32.6,17.9,89,27,Healthy
27-03-24,30.4,19.4,85,41,Healthy
28-03-24,29.8,19.2,86,41,Healthy
29-03-24,32.1,18.6,88,32,Healthy
30-03-24,30.1,17.3,83,39,Healthy
31-03-24,28.8,16.2,73,36,Healthy
01-04-24,29,15.2,73,26,Healthy
02-04-24,31.1,14.5,76,21,Healthy
03-04-24,32.7,15.8,61,22,Healthy
04-04-24,33.7,15.7,60,19,Healthy
05-04-24,32.6,16.4,56,17,Healthy
06-04-24,32.8,16,57,15,Healthy
07-04-24,34.5,17.7,46,14,Healthy
08-04-24,34.5,16.8,61,14,Healthy
09-04-24,34.7,17.9,50,14,Healthy
10-04-24,35.1,18.3,54,14,Healthy
11-04-24,34.7,19.3,52,20,Healthy
12-04-24,36.2,19.6,51,17,Healthy
13-04-24,31.5,19.7,72,27,Healthy
14-04-24,31,19.7,81,37,Healthy
15-04-24,31.4,17.8,100,40,Early Blight
16-04-24,31.6,17.7,99,31,Early Blight
17-04-24,33.3,17.3,78,18,Healthy
18-04-24,33.7,21.7,56,24,Healthy
19-04-24,33.6,19.4,84,33,Healthy
20-04-24,31.7,19,87,29,Healthy
21-04-24,34.1,18.7,75,19,Healthy
22-04-24,35.4,19.3,68,19,Healthy
23-04-24,34.2,19.5,58,19,Healthy
24-04-24,35,19.7,57,16,Healthy
25-04-24,38.8,20,53,12,Healthy
26-04-24,37.4,21.6,58,14,Healthy
27-04-24,34,20.1,63,24,Healthy
28-04-24,34.5,20.2,63,19,Healthy
29-04-24,32.9,17.4,77,25,Healthy
30-04-24,33.2,16.6,84,14,Healthy
01-05-24,30,15.8,65,21,Healthy
02-05-24,34.8,16.8,53,14,Healthy
03-05-24,37.3,20.8,49,13,Healthy
04-05-24,36.4,22.4,50,19,Healthy
05-05-24,38,23.1,50,19,Healthy
06-05-24,40.2,23.1,47,13,Healthy
07-05-24,41.3,24.8,44,11,Healthy
08-05-24,41.8,25.1,43,9,Healthy
09-05-24,41,24.8,53,16,Healthy
10-05-24,41.2,25.5,56,16,Healthy
11-05-24,38.8,25.1,58,20,Healthy
12-05-24,36.3,22.9,77,27,Healthy
13-05-24,38.5,22.2,57,14,Healthy
14-05-24,39.4,22.4,47,14,Healthy
15-05-24,40.8,22.3,46,13,Healthy
16-05-24,41.8,24.9,39,12,Healthy
17-05-24,42,25,40,15,Healthy
18-05-24,43.5,26,40,14,Healthy
19-05-24,41.8,26.3,39,16,Healthy
20-05-24,43,26.4,42,12,Healthy
21-05-24,42.7,25.8,40,14,Healthy
22-05-24,43.1,25.2,47,12,Healthy
23-05-24,42.2,28,48,20,Healthy
24-05-24,42.7,27.3,51,15,Healthy
25-05-24,42.9,26.5,43,15,Healthy
26-05-24,44.1,27,43,14,Healthy
27-05-24,44.9,26.2,47,10,Healthy
28-05-24,45.3,27.5,36,8,Healthy
29-05-24,46.4,26.6,27,7,Healthy
30-05-24,44.5,27.2,28,7,Healthy
31-05-24,44.9,26,31,7,Healthy
01-06-24,44,26.5,36,9,Healthy
02-06-24,43.9,27.8,45,8,Healthy
03-06-24,44.6,28.2,34,11,Healthy
04-06-24,43.4,28.3,35,14,Healthy
05-06-24,40.2,29,47,20,Healthy
06-06-24,39,24.3,75,25,Healthy
07-06-24,39,25.4,57,23,Healthy
08-06-24,38.6,24.7,59,20,Healthy
09-06-24,39.8,25.5,53,16,Healthy
10-06-24,40.7,25.2,45,14,Healthy
11-06-24,41.9,27.5,47,13,Healthy
12-06-24,42.8,27,46,14,Healthy
13-06-24,42.6,27,50,19,Healthy
14-06-24,41.8,27.5,50,15,Healthy
15-06-24,42.5,27.9,47,21,Healthy
16-06-24,43.3,30.4,48,19,Healthy
17-06-24,42.7,31.1,53,22,Healthy
18-06-24,41.9,31.1,59,28,Healthy
19-06-24,39.7,30.4,52,26,Healthy
20-06-24,38.5,27.8,69,35,Healthy
21-06-24,35.1,27.3,78,42,Healthy
22-06-24,38.3,26.5,81,27,Healthy
23-06-24,39.1,26.1,68,27,Healthy
24-06-24,40.9,28.7,60,22,Healthy
25-06-24,40.3,28.5,68,30,Healthy
26-06-24,40.8,29.2,69,31,Healthy
27-06-24,36.1,28.6,78,50,Healthy
28-06-24,38.3,29.3,75,40,Healthy
29-06-24,38.1,29.4,72,42,Healthy
30-06-24,38.9,27.3,83,40,Healthy
01-07-24,39.3,27.2,92,39,Healthy
02-07-24,39.5,27,92,44,Healthy
03-07-24,38.8,27.2,89,53,Healthy
04-07-24,34,26.9,90,61,Healthy
05-07-24,34.8,26,91,59,Early Blight
06-07-24,33.2,24.3,96,64,Early Blight
07-07-24,30.9,24.6,96,69,Early Blight
08-07-24,34.3,26.5,90,56,Healthy
09-07-24,35.6,26.9,85,56,Healthy
10-07-24,36.1,27.4,92,55,Healthy
11-07-24,37.2,28.1,92,52,Healthy
12-07-24,34.6,24.6,94,56,Early Blight
13-07-24,34,24.5,94,59,Early Blight
14-07-24,34.2,26.4,90,57,Healthy
15-07-24,36.3,27.4,88,51,Healthy
16-07-24,36.3,27.5,88,53,Healthy
17-07-24,37.3,28.6,87,53,Healthy
18-07-24,36.8,28.7,86,54,Healthy
19-07-24,37.1,28.8,81,52,Healthy
20-07-24,37.6,29.3,80,47,Healthy
21-07-24,38.1,28.4,87,49,Healthy
22-07-24,37.8,29.7,81,50,Healthy
23-07-24,37.7,28.8,84,47,Healthy
24-07-24,36.2,28.5,86,55,Healthy
25-07-24,35,26.7,92,59,Early Blight
26-07-24,36.5,27.7,91,54,Healthy
27-07-24,37.3,29.6,85,55,Healthy
28-07-24,36.5,29.4,85,59,Healthy
29-07-24,34.4,26.3,95,65,Early Blight
30-07-24,36.9,27.6,92,57,Healthy
31-07-24,37.5,26.6,92,54,Healthy
01-08-24,27.3,26.1,97,90,Early Blight
02-08-24,34,25.9,98,63,Early Blight
03-08-24,33.3,27,95,69,Early Blight
04-08-24,33.4,26.6,93,65,Early Blight
05-08-24,34.2,27.6,88,60,Healthy
06-08-24,34.1,27.5,88,59,Healthy
07-08-24,33.5,26.6,90,66,Healthy
08-08-24,33.4,26.3,92,67,Early Blight
09-08-24,33.1,26.6,94,66,Early Blight
10-08-24,34.1,25.6,96,66,Early Blight
11-08-24,32,25.4,97,72,Early Blight
12-08-24,32.2,25.1,94,70,Early Blight
13-08-24,33.3,25.9,94,65,Early Blight
14-08-24,34.2,27,91,62,Early Blight
15-08-24,32.6,26.5,94,71,Early Blight
16-08-24,33.4,25.8,96,66,Early Blight
17-08-24,31.8,25.6,99,68,Early Blight
18-08-24,33.8,25.5,99,60,Early Blight
19-08-24,33.4,26.6,91,64,Early Blight
20-08-24,33,25.1,92,68,Early Blight
21-08-24,33,23.8,97,64,Early Blight
22-08-24,33.8,25.7,97,61,Early Blight
23-08-24,33.6,24.8,94,60,Early Blight
24-08-24,34.1,25.7,97,59,Early Blight
25-08-24,33.6,25.7,97,61,Early Blight
26-08-24,33.7,26.6,95,59,Early Blight
27-08-24,31.6,24.8,95,65,Early Blight
28-08-24,31,24.5,97,69,Early Blight
29-08-24,29.5,24.7,97,74,Early Blight
30-08-24,31.8,24.3,97,70,Early Blight
31-08-24,33.3,24.6,97,61,Early Blight
01-09-24,34.2,25.8,92,56,Early Blight
02-09-24,32.5,25.6,95,69,Early Blight
03-09-24,30.7,24.3,97,74,Early Blight
04-09-24,31.1,23.3,99,70,Early Blight
05-09-24,31.9,23.2,97,63,Early Blight
06-09-24,32.5,25.2,96,64,Early Blight
07-09-24,32,24,99,63,Early Blight
08-09-24,33.1,23.9,99,56,Early Blight
09-09-24,33.6,24.6,94,57,Early Blight
10-09-24,32.8,25.1,97,63,Early Blight
11-09-24,32.9,25,98,60,Early Blight
12-09-24,35.7,24.7,91,47,Healthy
13-09-24,35.1,24.3,94,48,Healthy
14-09-24,33.3,24.6,88,55,Healthy
15-09-24,34.2,24.3,87,43,Healthy
16-09-24,34.7,23.6,87,43,Healthy
17-09-24,35.2,24.4,84,40,Healthy
18-09-24,34.8,23.9,91,43,Early Blight
19-09-24,31.6,23.2,92,60,Early Blight
20-09-24,33.8,23,87,49,Healthy
21-09-24,34.3,23.8,82,49,Healthy
22-09-24,36.1,25,81,46,Healthy
23-09-24,36,26.3,82,46,Healthy
24-09-24,36.2,25.9,85,46,Healthy
25-09-24,35.8,26,83,48,Healthy
26-09-24,33.2,25.3,88,57,Healthy
27-09-24,33.9,25.1,88,53,Healthy
28-09-24,32.4,24,92,56,Early Blight
29-09-24,33.2,23.9,91,52,Early Blight
30-09-24,34.1,23.4,93,51,Early Blight
01-10-24,35.3,23.9,93,48,Healthy
02-10-24,35.9,23,94,41,Healthy
03-10-24,35.3,22.6,90,39,Healthy
04-10-24,35.5,23,77,38,Healthy
05-10-24,34.7,22.1,86,41,Healthy
06-10-24,32.2,20.4,90,47,Healthy
07-10-24,32.3,20.1,89,48,Healthy
08-10-24,30.7,20.7,93,54,Early Blight
09-10-24,31.6,20,91,42,Early Blight
10-10-24,31.8,19.2,86,38,Healthy
11-10-24,32.5,19.8,84,32,Healthy
12-10-24,32.4,19.4,84,37,Healthy
13-10-24,32,19.3,89,33,Healthy
14-10-24,32.4,19,83,33,Healthy
15-10-24,32.4,19,83,35,Healthy
16-10-24,33,18.6,87,34,Healthy
17-10-24,33.2,19.2,80,34,Healthy
18-10-24,33.2,19.7,81,33,Healthy
19-10-24,32.2,20,84,40,Healthy
20-10-24,31.8,19.5,88,39,Healthy
21-10-24,31.7,18.9,93,39,Early Blight
22-10-24,31.7,18.9,91,42,Early Blight
23-10-24,31.9,19.4,92,37,Early Blight
24-10-24,31.8,19.2,87,40,Healthy
25-10-24,32.4,19,90,39,Healthy
26-10-24,32.4,18.9,87,45,Healthy
27-10-24,32.2,19.2,86,45,Healthy
28-10-24,32.3,19.5,89,40,Healthy
29-10-24,33.1,20.7,90,39,Healthy
30-10-24,32.3,20.3,90,43,Healthy
31-10-24,31.6,18.5,86,36,Healthy
01-11-24,31.7,16.3,82,29,Healthy
02-11-24,31.2,15.7,91,31,Early Blight
03-11-24,30.3,16.1,88,36,Healthy
04-11-24,30,18.1,87,43,Healthy
05-11-24,29.9,17.8,91,42,Early Blight
06-11-24,29.8,17.1,93,44,Early Blight
07-11-24,29.5,17.7,95,48,Early Blight
08-11-24,29.6,18.3,95,51,Early Blight
09-11-24,29.1,18.4,96,51,Early Blight
10-11-24,28.8,18.2,97,53,Early Blight
11-11-24,29.3,16.8,96,48,Early Blight
12-11-24,27.4,15.9,97,56,Early Blight
13-11-24,26.5,16,100,55,Early Blight
14-11-24,27.2,15.9,97,49,Early Blight
15-11-24,26.3,15.3,100,52,Early Blight
16-11-24,25.6,14.1,100,48,Early Blight
17-11-24,24.4,12.9,100,56,Early Blight
18-11-24,25,12.5,92,37,Late Blight
19-11-24,24.8,11.5,89,40,Late Blight
20-11-24,24.3,11,92,45,Late Blight
21-11-24,24.7,11.7,92,44,Late Blight
22-11-24,24.8,12.2,90,45,Late Blight
23-11-24,24.9,13.2,84,45,Late Blight
24-11-24,24.1,13.2,89,54,Late Blight
25-11-24,24.2,11.8,93,45,Late Blight
26-11-24,23.8,11.6,88,46,Late Blight
27-11-24,23.6,10.1,94,47,Late Blight
28-11-24,24,10.7,94,47,Late Blight
29-11-24,23.5,10.9,96,52,Late Blight
30-11-24,22.6,12.3,92,53,Late Blight
01-12-24,23.3,11.3,92,52,Late Blight
02-12-24,24.3,11.8,91,49,Late Blight
03-12-24,24.5,12.6,81,44,Late Blight
04-12-24,23.2,10.3,78,33,Late Blight
05-12-24,22.9,8.5,82,27,Healthy
06-12-24,22.3,7.6,84,31,Healthy
07-12-24,21.4,6.8,91,35,Early Blight
08-12-24,18,7.6,91,45,Early Blight
09-12-24,19.4,6.8,94,41,Early Blight
10-12-24,19.3,5.7,86,29,Healthy
11-12-24,19.5,5.4,82,35,Healthy
12-12-24,19.2,5.3,89,36,Healthy
13-12-24,20.2,6.6,74,28,Healthy
14-12-24,19.3,5.5,85,38,Healthy
15-12-24,19.4,4.9,91,41,Early Blight
16-12-24,18.5,4.3,94,42,Early Blight
17-12-24,18.5,2.6,100,43,Early Blight
18-12-24,19.5,4.6,96,40,Early Blight
19-12-24,18.7,4.1,100,44,Early Blight
20-12-24,19.1,4.9,98,45,Early Blight
21-12-24,17.9,4.9,91,45,Early Blight
22-12-24,18.3,6.4,92,48,Early Blight
23-12-24,14.4,7.2,97,79,Early Blight
24-12-24,18.4,6.9,95,46,Early Blight
25-12-24,19.9,6.5,92,44,Early Blight
26-12-24,20,7,97,49,Early Blight
27-12-24,17.7,7.8,98,65,Early Blight
28-12-24,17.3,6.7,100,64,Early Blight
29-12-24,18.3,6.5,100,61,Early Blight
30-12-24,18.1,5.5,99,54,Early Blight
31-12-24,18.2,6,99,57,Early Blight
01-01-25,18,5.5,97,54,Late Blight
02-01-25,18.4,6,95,57,Late Blight
03-01-25,18.5,6.4,93,59,Early Blight
04-01-25,18.1,5.5,99,58,Early Blight
05-01-25,18.1,5.5,97,53,Late Blight
06-01-25,18.2,6,95,56,Late Blight
07-01-25,18.6,6.4,93,58,Early Blight
08-01-25,18.2,5.5,99,57,Early Blight
09-01-25,17.9,5.5,97,57,Late Blight
10-01-25,18.3,6,95,55,Late Blight
11-01-25,18.7,6.4,93,57,Healthy
12-01-25,18,5.5,99,56,Early Blight
13-01-25,18,5.5,97,56,Late Blight
14-01-25,18.4,6,95,59,Late Blight
15-01-25,18.5,6.4,93,56,Healthy
16-01-25,18.1,5.5,99,55,Early Blight
17-01-25,18.1,5.5,97,55,Late Blight
18-01-25,18.2,6,95,58,Late Blight
19-01-25,18.6,6.4,93,60,Late Blight
20-01-25,18.2,5.5,99,54,Late Blight
21-01-25,17.9,5.5,97,54,Late Blight
22-01-25,18.3,6,95,57,Late Blight
23-01-25,18.7,6.4,93,59,Early Blight
24-01-25,18,5.5,99,58,Early Blight
25-01-25,18,5.5,97,53,Late Blight
26-01-25,18.4,6,95,56,Late Blight
27-01-25,18.5,6.4,93,58,Early Blight
28-01-25,18.1,5.5,99,57,Early Blight
29-01-25,18.1,5.5,97,57,Late Blight
30-01-25,18.2,6,95,55,Late Blight
01-02-25,18.2,5.5,99,56,Early Blight
02-02-25,17.9,5.5,97,56,Late Blight
03-02-25,18.3,6,95,59,Late Blight
04-02-25,18.7,6.4,93,56,Healthy
05-02-25,18,5.5,99,55,Early Blight
06-02-25,18,5.5,97,55,Late Blight
07-02-25,18.4,6,95,58,Late Blight
08-02-25,18.5,6.4,93,60,Late Blight
09-02-25,18.1,5.5,99,54,Late Blight
10-02-25,18.1,5.5,97,54,Late Blight
11-02-25,18.2,6,95,57,Late Blight
12-02-25,18.6,6.4,93,59,Early Blight
13-02-25,18.2,5.5,99,58,Early Blight
14-02-25,17.9,5.5,97,53,Late Blight
15-02-25,18.3,6,95,56,Late Blight
16-02-25,18.7,6.4,93,58,Early Blight
17-02-25,18,5.5,99,57,Early Blight
18-02-25,18,5.5,97,57,Late Blight
19-02-25,18.4,6,95,55,Late Blight
20-02-25,18.5,6.4,93,57,Healthy
21-02-25,18.1,5.5,99,56,Early Blight
22-02-25,18.1,5.5,97,56,Late Blight
23-02-25,18.2,6,95,59,Late Blight
24-02-25,18.6,6.4,93,56,Healthy
25-02-25,18.2,5.5,99,55,Early Blight
26-02-25,17.9,5.5,97,55,Late Blight
27-02-25,18.3,6,95,58,Late Blight
28-02-25,18.7,6.4,93,60,Late Blight
01-03-25,18,5.5,99,54,Late Blight
02-03-25,18,5.5,97,54,Late Blight
03-03-25,18.4,6,95,57,Late Blight
04-03-25,18.5,6.4,93,59,Early Blight
05-03-25,18.1,5.5,99,58,Early Blight
06-03-25,18.1,5.5,97,53,Late Blight
07-03-25,18.2,6,95,56,Late Blight
08-03-25,18.6,6.4,93,58,Early Blight
09-03-25,18.2,5.5,99,57,Early Blight
10-03-25,17.9,5.5,97,57,Late Blight
11-03-25,18.3,6,95,55,Late Blight
12-03-25,18.7,6.4,93,57,Healthy
13-03-25,18,5.5,99,56,Early Blight
14-03-25,18,5.5,97,56,Late Blight
15-03-25,18.4,6,95,59,Late Blight
16-03-25,18.5,6.4,93,56,Healthy
17-03-25,18.1,5.5,99,55,Early Blight
18-03-25,18.1,5.5,97,55,Late Blight
19-03-25,18.2,6,95,58,Late Blight
20-03-25,18.6,6.4,93,60,Late Blight
21-03-25,18.2,5.5,99,54,Late Blight
22-03-25,17.9,5.5,97,54,Late Blight
23-03-25,18.3,6,95,57,Late Blight
24-03-25,18.7,6.4,93,59,Early Blight
25-03-25,18,5.5,99,58,Early Blight
26-03-25,18,5.5,97,53,Late Blight
27-03-25,18.4,6,95,56,Late Blight
28-03-25,18.5,6.4,93,58,Early Blight
29-03-25,18.1,5.5,99,57,Early Blight
30-03-25,18.1,5.5,97,57,Late Blight
01-04-25,18.6,6.4,93,57,Healthy
02-04-25,18.2,5.5,99,56,Early Blight
03-04-25,17.9,5.5,97,56,Late Blight
04-04-25,18.3,6,95,59,Late Blight
05-04-25,18.7,6.4,93,56,Healthy
06-04-25,18,5.5,99,55,Early Blight
07-04-25,18,5.5,97,55,Late Blight
08-04-25,18.4,6,95,58,Late Blight
09-04-25,18.5,6.4,93,60,Late Blight
10-04-25,18.1,5.5,99,54,Late Blight
11-04-25,18.1,5.5,97,54,Late Blight
12-04-25,18.2,6,95,57,Late Blight
13-04-25,18.6,6.4,93,59,Early Blight
14-04-25,18.2,5.5,99,58,Early Blight
15-04-25,17.9,5.5,97,53,Late Blight
16-04-25,18.3,6,95,56,Late Blight
17-04-25,18.7,6.4,93,58,Early Blight
18-04-25,18,5.5,99,57,Early Blight
19-04-25,18,5.5,97,57,Late Blight
20-04-25,18.4,6,95,55,Late Blight
21-04-25,18.5,6.4,93,57,Healthy
22-04-25,18.1,5.5,99,56,Early Blight
23-04-25,18.1,5.5,97,56,Late Blight
24-04-25,18.2,6,95,59,Late Blight
25-04-25,18.6,6.4,93,56,Healthy
26-04-25,18.2,5.5,99,55,Early Blight
27-04-25,17.9,5.5,97,55,Late Blight
28-04-25,18.3,6,95,58,Late Blight
29-04-25,18.7,6.4,93,60,Late Blight
30-04-25,18,5.5,99,54,Late Blight
01-05-25,18,5.5,97,54,Late Blight
02-05-25,18.4,6,95,57,Late Blight
03-05-25,18.5,6.4,93,59,Early Blight
04-05-25,18.1,5.5,99,58,Early Blight
05-05-25,18.1,5.5,97,53,Late Blight
06-05-25,18.2,6,95,56,Late Blight
07-05-25,18.6,6.4,93,58,Early Blight
08-05-25,18.2,5.5,99,57,Early Blight
09-05-25,17.9,5.5,97,57,Late Blight
10-05-25,18.3,6,95,55,Late Blight
11-05-25,18.7,6.4,93,57,Healthy
12-05-25,18,5.5,99,56,Early Blight
13-05-25,18,5.5,97,56,Late Blight
14-05-25,18.4,6,95,59,Late Blight
15-05-25,18.5,6.4,93,56,Healthy
16-05-25,18.1,5.5,99,55,Early Blight
17-05-25,18.1,5.5,97,55,Late Blight
18-05-25,18.2,6,95,58,Late Blight
19-05-25,18.6,6.4,93,60,Late Blight
20-05-25,18.2,5.5,99,54,Late Blight
21-05-25,17.9,5.5,97,54,Late Blight
22-05-25,18.3,6,95,57,Late Blight
23-05-25,18.7,6.4,93,59,Early Blight
24-05-25,18,5.5,99,58,Early Blight
25-05-25,18,5.5,97,53,Late Blight
26-05-25,18.4,6,95,56,Late Blight
27-05-25,18.5,6.4,93,58,Early Blight
28-05-25,18.1,5.5,99,57,Early Blight
29-05-25,18.1,5.5,97,57,Late Blight
30-05-25,18.2,6,95,55,Late Blight
01-06-25,18.2,5.5,99,56,Early Blight
02-06-25,17.9,5.5,97,56,Late Blight
03-06-25,18.3,6,95,59,Late Blight
04-06-25,18.7,6.4,93,56,Healthy
05-06-25,18,5.5,99,55,Early Blight
06-06-25,18,5.5,97,55,Late Blight
07-06-25,18.4,6,95,58,Late Blight
08-06-25,18.5,6.4,93,60,Late Blight
09-06-25,18.1,5.5,99,54,Late Blight
10-06-25,18.1,5.5,97,54,Late Blight
11-06-25,18.2,6,95,57,Late Blight
12-06-25,18.6,6.4,93,59,Early Blight
13-06-25,18.2,5.5,99,58,Early Blight
14-06-25,17.9,5.5,97,53,Late Blight
15-06-25,18.3,6,95,56,Late Blight
16-06-25,18.7,6.4,93,58,Early Blight
17-06-25,18,5.5,99,57,Early Blight
18-06-25,18,5.5,97,57,Late Blight
19-06-25,18.4,6,95,55,Late Blight
20-06-25,18.5,6.4,93,57,Healthy
21-06-25,18.1,5.5,99,56,Early Blight
22-06-25,18.1,5.5,97,56,Late Blight
23-06-25,18.2,6,95,59,Late Blight
24-06-25,18.6,6.4,93,56,Healthy
25-06-25,18.2,5.5,99,55,Early Blight
26-06-25,17.9,5.5,97,55,Late Blight
27-06-25,18.3,6,95,58,Late Blight
28-06-25,18.7,6.4,93,60,Late Blight
29-06-25,18,5.5,99,54,Late Blight
30-06-25,18,5.5,97,54,Late Blight
01-07-25,18.4,6,95,57,Late Blight
02-07-25,18.5,6.4,93,59,Early Blight
03-07-25,18.1,5.5,99,58,Early Blight
04-07-25,18.1,5.5,97,53,Late Blight
05-07-25,18.2,6,95,56,Late Blight
06-07-25,18.6,6.4,93,58,Early Blight
07-07-25,18.2,5.5,99,57,Early Blight
08-07-25,17.9,5.5,97,57,Late Blight
09-07-25,18.3,6,95,55,Late Blight
10-07-25,18.7,6.4,93,57,Healthy
11-07-25,18,5.5,99,56,Early Blight
12-07-25,18,5.5,97,56,Late Blight
13-07-25,18.4,6,95,59,Late Blight
14-07-25,18.5,6.4,93,56,Healthy
15-07-25,18.1,5.5,99,55,Early Blight
16-07-25,18.1,5.5,97,55,Late Blight
17-07-25,18.2,6,95,58,Late Blight
18-07-25,18.6,6.4,93,60,Late Blight
19-07-25,18.2,5.5,99,54,Late Blight
20-07-25,17.9,5.5,97,54,Late Blight
21-07-25,18.3,6,95,57,Late Blight
22-07-25,18.7,6.4,93,59,Early Blight
23-07-25,18,5.5,99,58,Early Blight
24-07-25,18,5.5,97,53,Late Blight
25-07-25,18.4,6,95,56,Late Blight
26-07-25,18.5,6.4,93,58,Early Blight
27-07-25,18.1,5.5,99,57,Early Blight
28-07-25,18.1,5.5,97,57,Late Blight
29-07-25,18.2,6,95,55,Late Blight
